scan_date,ticker,company,strategy,strategies_count,price_at_scan,score,wr,avg,adx,rsi,vol_ratio,price_d5,ret_d5,spy_ret_d5,excess_ret_d5,hit_stop_loss_d5,price_d10,ret_d10,spy_ret_d10,excess_ret_d10,hit_stop_loss_d10,max_drawdown_d10
2026-06-21,INTC,,momentum,2,133.99,8,,,29.9,61.0,1.78,,,,,0,,,,,,
2026-06-21,TER,,breakout,1,437.92,9,,,16.0,61.4,,,,,,0,,,,,,
2026-06-21,LR.PA,,breakout,2,151.5,9,,,19.9,56.0,,145.95,-3.66,,,1,,,,,,
2026-06-21,GEV,,breakout,1,1109.73,8,,,20.1,68.2,,,,,,0,,,,,,
2026-06-21,IBKR,,breakout,1,96.0,8,,,18.8,71.1,,,,,,0,,,,,,
2026-06-21,NXT.L,,breakout,2,14140.0,8,,,21.5,75.4,,14805.0,4.7,,,0,,,,,,
2026-06-21,RCL,,breakout,1,312.51,7,,,15.9,61.4,,,,,,0,,,,,,
2026-06-21,SGRO.L,,breakout,2,739.8,7,,,16.0,56.8,,880.0,18.95,,,0,,,,,,
2026-06-21,ADI,,breakout,1,434.46,6,,,20.0,56.5,,,,,,0,,,,,,
2026-06-21,FIX,,breakout,1,1967.41,6,,,14.7,59.1,,,,,,0,,,,,,
2026-06-21,DAL,,breakout,1,84.18,6,,,30.0,53.4,,,,,,0,,,,,,
2026-06-21,MPWR,,breakout,1,1563.7,6,,,18.5,49.9,,,,,,0,,,,,,
2026-06-21,NTRS,,breakout,1,172.11,6,,,19.8,60.8,,,,,,0,,,,,,
2026-06-21,PPG,,breakout,2,118.25,6,,,16.8,59.1,,,,,,0,,,,,,
2026-06-21,ROK,,breakout,1,473.79,6,,,16.7,60.0,,,,,,0,,,,,,
2026-06-21,VRT,,breakout,1,333.05,6,,,15.3,55.8,,,,,,0,,,,,,
2026-06-21,ALW.L,,breakout,2,1338.0,6,,,19.6,57.3,,1327.0,-0.82,,,0,,,,,,
2026-06-21,CPG.L,,breakout,2,32.2,6,,,21.3,57.4,,31.67,-1.65,,,0,,,,,,
2026-06-21,GLEN.L,,breakout,1,557.0,6,,,17.2,39.9,,513.0,-7.9,,,1,,,,,,
2026-06-21,HSBA.L,,breakout,1,1431.6,6,,,13.9,57.6,,1431.8,0.01,,,0,,,,,,
2026-06-21,IAG.L,,breakout,2,454.8,6,,,21.7,70.8,,485.2,6.68,,,0,,,,,,
2026-06-21,STAN.L,,breakout,1,2044.0,6,,,23.9,52.9,,2039.0,-0.24,,,0,,,,,,
2026-06-21,SIE.DE,,breakout,1,274.5,6,,,18.2,52.0,,271.0,-1.28,,,0,,,,,,
2026-06-21,AMD,,breakout,1,537.37,4,,,28.3,53.1,,,,,,0,,,,,,
2026-06-21,ANET,,breakout,1,169.67,4,,,15.4,57.3,,,,,,0,,,,,,
2026-06-21,CRL,,breakout,1,185.0,4,,,20.1,54.4,,,,,,0,,,,,,
2026-06-21,DELL,,breakout,2,409.5,4,,,47.7,47.5,,,,,,0,,,,,,
2026-06-21,IFF,,breakout,1,76.72,4,,,25.5,53.3,,,,,,0,,,,,,
2026-06-21,MCHP,,breakout,1,99.77,4,,,21.2,55.3,,,,,,0,,,,,,
2026-06-21,NVDA,,breakout,1,210.69,4,,,14.5,49.9,,,,,,0,,,,,,
2026-06-21,SOLV,,breakout,2,75.43,4,,,23.9,51.0,,,,,,0,,,,,,
2026-06-21,TGT,,breakout,2,130.74,4,,,15.2,55.9,,,,,,0,,,,,,
2026-06-21,UAL,,breakout,1,118.32,4,,,29.0,53.8,,,,,,0,,,,,,
2026-06-21,WMT,,breakout,1,117.18,4,,,19.7,54.2,,,,,,0,,,,,,
2026-06-21,IEX,,pocket_pivot,1,224.93,6,,,23.7,68.6,3.27,,,,,0,,,,,,
2026-06-21,EXPD,,pocket_pivot,1,161.32,5,,,24.3,58.2,1.84,,,,,0,,,,,,
2026-06-21,HSX.L,,pocket_pivot,2,1780.0,5,,,18.7,57.8,1.54,1858.0,4.38,,,0,,,,,,
2026-06-21,ALV.DE,,pocket_pivot,1,400.4,5,,,25.3,80.3,2.38,406.9,1.62,,,0,,,,,,
2026-06-21,CS.PA,,pocket_pivot,1,42.5,5,,,23.9,80.5,1.91,43.07,1.34,,,0,,,,,,
2026-06-21,FFIV,,pocket_pivot,1,385.49,4,,,30.0,51.4,2.4,,,,,0,,,,,,
2026-06-21,ITW,,pocket_pivot,1,264.09,4,,,20.6,70.7,1.82,,,,,0,,,,,,
2026-06-21,HRL,,connors_rsi2,1,24.16,3,,,38.7,67.3,0.93,,,,,0,,,,,,
2026-06-21,IVZ,,connors_rsi2,1,28.14,3,,,25.3,47.8,2.28,,,,,0,,,,,,
2026-06-21,PFG,,connors_rsi2,2,109.57,3,,,32.7,71.6,2.86,,,,,0,,,,,,
2026-06-21,PNC,,connors_rsi2,1,232.04,3,,,24.5,61.3,2.22,,,,,0,,,,,,
2026-06-21,PRU,,connors_rsi2,1,106.53,3,,,24.7,67.2,1.85,,,,,0,,,,,,
2026-06-21,PG,,connors_rsi2,1,150.38,3,,,21.5,64.7,1.91,,,,,0,,,,,,
2026-06-21,CCH.L,,connors_rsi2,2,4542.0,3,,,22.8,79.4,2.67,4808.0,5.86,,,0,,,,,,
2026-06-21,SMT.L,,connors_rsi2,1,1461.0,3,,,21.8,38.0,0.97,1397.0,-4.38,,,1,,,,,,
2026-06-21,G1A.DE,,connors_rsi2,1,59.55,3,,,30.4,77.4,2.18,60.1,0.92,,,0,,,,,,
2026-06-21,CL,,connors_rsi2,1,89.48,2,,,17.3,48.2,2.02,,,,,0,,,,,,
2026-06-21,KDP,,connors_rsi2,1,30.76,2,,,37.2,57.1,1.64,,,,,0,,,,,,
2026-06-21,PM,,connors_rsi2,1,178.4,2,,,15.9,51.4,2.42,,,,,0,,,,,,
2026-06-21,STLD,,connors_rsi2,1,249.91,2,,,34.2,43.7,3.47,,,,,0,,,,,,
2026-06-21,UPS,,connors_rsi2,1,104.86,2,,,18.1,46.3,2.27,,,,,0,,,,,,
2026-06-21,AXP,,connors_rsi2,1,338.0,1,,,17.5,64.8,1.5,,,,,0,,,,,,
2026-06-21,CPAY,,connors_rsi2,1,345.28,1,,,12.0,39.7,3.31,,,,,0,,,,,,
2026-06-21,FME.DE,,connors_rsi2,1,40.7,1,,,19.7,77.6,2.57,40.74,0.1,,,0,,,,,,
2026-06-21,WAT,,connors_rsi2,1,355.44,0,,,17.5,29.7,1.48,,,,,0,,,,,,
2026-06-21,FCIT.L,,ema_ribbon,1,349.8,4,,,42.4,66.2,2.17,344.8,-1.43,,,0,,,,,,
2026-06-21,BRK-B,,ema_ribbon,1,489.46,3,,,18.9,66.3,1.62,,,,,0,,,,,,
2026-06-21,BNY,,ema_ribbon,1,143.63,3,,,36.6,57.6,1.94,,,,,0,,,,,,
2026-06-21,CAH,,ema_ribbon,1,221.77,3,,,29.9,78.9,1.81,,,,,0,,,,,,
2026-06-21,HSIC,,ema_ribbon,1,79.92,3,,,34.1,66.2,1.49,,,,,0,,,,,,
2026-06-21,KVUE,,ema_ribbon,1,18.12,3,,,15.9,63.8,1.6,,,,,0,,,,,,
2026-06-21,JCI,,ema_ribbon,1,144.82,3,,,11.3,63.7,1.69,,,,,0,,,,,,
2026-06-21,KMB,,ema_ribbon,1,102.56,3,,,17.3,64.7,1.9,,,,,0,,,,,,
2026-06-21,PFG,,ema_ribbon,2,109.57,3,,,32.7,71.6,2.86,,,,,0,,,,,,
2026-06-21,SNA,,ema_ribbon,1,387.25,3,,,12.8,63.1,3.16,,,,,0,,,,,,
2026-06-21,STT,,ema_ribbon,1,168.31,3,,,31.2,72.7,3.21,,,,,0,,,,,,
2026-06-21,TGT,,ema_ribbon,2,130.74,3,,,15.2,55.9,1.52,,,,,0,,,,,,
2026-06-21,ALW.L,,ema_ribbon,2,1338.0,3,,,19.6,57.3,2.2,1327.0,-0.82,,,0,,,,,,
2026-06-21,IHG.L,,ema_ribbon,2,169.25,3,,,34.6,76.1,1.65,172.1,1.68,,,0,,,,,,
2026-06-21,LGEN.L,,ema_ribbon,1,283.2,3,,,58.4,76.5,1.6,287.2,1.41,,,0,,,,,,
2026-06-21,SGRO.L,,ema_ribbon,2,739.8,3,,,16.0,56.8,2.51,880.0,18.95,,,0,,,,,,
2026-06-21,CON.DE,,ema_ribbon,1,72.46,3,,,22.1,55.8,1.7,73.72,1.74,,,0,,,,,,
2026-06-21,FCX,,ema_ribbon,1,68.68,2,,,16.7,55.5,1.37,,,,,0,,,,,,
2026-06-21,HLT,,ema_ribbon,1,348.84,2,,,18.4,76.1,1.85,,,,,0,,,,,,
2026-06-21,HBAN,,ema_ribbon,1,16.86,2,,,24.2,58.9,1.33,,,,,0,,,,,,
2026-06-21,CCH.L,,ema_ribbon,2,4542.0,2,,,22.8,79.4,2.67,4808.0,5.86,,,0,,,,,,
2026-06-21,CCEP.L,,ema_ribbon,2,7345.0,2,,,23.2,88.4,5.35,7585.0,3.27,,,0,,,,,,
2026-06-21,HSX.L,,ema_ribbon,2,1780.0,2,,,18.7,57.8,1.54,1858.0,4.38,,,0,,,,,,
2026-06-21,NXT.L,,ema_ribbon,2,14140.0,2,,,21.5,75.4,3.05,14805.0,4.7,,,0,,,,,,
2026-06-21,MMM,,nr7,1,160.6,4,,,33.3,69.3,1.75,,,,,0,,,,,,
2026-06-21,FITB,,nr7,1,52.74,4,,,22.1,61.2,1.5,,,,,0,,,,,,
2026-06-21,SOLV,,nr7,2,75.43,4,,,23.9,51.0,1.01,,,,,0,,,,,,
2026-06-21,CPG.L,,nr7,2,32.2,4,,,21.3,57.4,2.27,31.67,-1.65,,,0,,,,,,
2026-06-21,IGG.L,,nr7,1,1895.0,4,,,46.0,68.7,1.67,1811.521,-4.41,,,1,,,,,,
2026-06-21,MRK.DE,,nr7,1,132.9,4,,,26.1,54.9,1.77,143.35,7.86,,,0,,,,,,
2026-06-21,AAPL,,nr7,1,298.01,3,,,27.3,39.1,1.63,,,,,0,,,,,,
2026-06-21,EW,,nr7,1,87.36,3,,,15.5,52.6,1.06,,,,,0,,,,,,
2026-06-21,EXPE,,nr7,1,240.9,3,,,14.4,62.7,1.93,,,,,0,,,,,,
2026-06-21,FTV,,nr7,1,61.03,3,,,13.1,62.7,1.61,,,,,0,,,,,,
2026-06-21,ODFL,,nr7,1,221.04,3,,,22.3,47.8,1.83,,,,,0,,,,,,
2026-06-21,PPG,,nr7,2,118.25,3,,,16.8,59.1,2.44,,,,,0,,,,,,
2026-06-21,SYF,,nr7,2,75.26,3,,,17.9,60.6,2.26,,,,,0,,,,,,
2026-06-21,CCEP.L,,nr7,2,7345.0,3,,,23.2,88.4,5.35,7585.0,3.27,,,0,,,,,,
2026-06-21,IHG.L,,nr7,2,169.25,3,,,34.6,76.1,1.65,172.1,1.68,,,0,,,,,,
2026-06-21,IMI.L,,nr7,1,3038.0,3,,,22.2,87.9,1.58,2929.0,-3.59,,,1,,,,,,
2026-06-21,IAG.L,,nr7,2,454.8,3,,,21.7,70.8,1.42,485.2,6.68,,,0,,,,,,
2026-06-21,RR.L,,nr7,1,1408.2,3,,,21.3,75.3,1.15,1422.4,1.01,,,0,,,,,,
2026-06-21,ZAL.DE,,nr7,1,24.25,3,,,42.0,60.5,1.39,24.99,3.05,,,0,,,,,,
2026-06-21,EN.PA,,nr7,1,50.32,3,,,7.7,56.2,2.77,50.22,-0.2,,,0,,,,,,
2026-06-21,DE,,nr7,1,589.24,2,,,16.2,69.3,0.88,,,,,0,,,,,,
2026-06-21,ACA.PA,,nr7,1,17.69,2,,,18.8,82.0,1.31,17.615,-0.42,,,0,,,,,,
2026-06-21,SYF,,bb_squeeze,2,75.26,5,,,17.9,60.6,2.26,,,,,0,,,,,,
2026-06-21,PHM,,bb_squeeze,1,126.96,4,,,17.8,65.5,3.19,,,,,0,,,,,,
2026-06-21,EL.PA,,bb_squeeze,1,173.55,4,,,16.2,50.9,1.95,167.55,-3.46,,,1,,,,,,
2026-06-21,INTC,,high_tight_flag,2,133.99,5,,,29.9,61.0,1.78,,,,,0,,,,,,
2026-06-21,MRVL,,high_tight_flag,1,310.58,5,,,41.6,65.2,3.55,,,,,0,,,,,,
2026-06-21,MU,,high_tight_flag,1,1133.99,4,,,27.9,59.3,1.19,,,,,0,,,,,,
2026-06-21,SNDK,,high_tight_flag,1,2184.75,4,,,45.8,67.1,1.11,,,,,0,,,,,,
2026-06-21,DELL,,high_tight_flag,2,409.5,3,,,47.7,47.5,1.17,,,,,0,,,,,,
2026-06-21,LR.PA,,signal_velocity,2,151.5,13,,,19.9,56.0,1.82,145.95,-3.66,,,1,,,,,,
2026-06-22,INTC,,momentum,1,133.99,8,,,29.9,61.0,1.78,,,,,,,,,,,
2026-06-22,EDEN.PA,,momentum,2,23.52,7,,,32.8,62.2,0.04,,,,,,,,,,,
2026-06-22,IEX,,breakout,2,224.93,10,,,23.7,68.6,,,,,,,,,,,,
2026-06-22,EMR,,breakout,2,150.66,9,,,15.9,60.7,,,,,,,,,,,,
2026-06-22,CAT,,breakout,1,985.82,8,,,24.4,67.1,,,,,,,,,,,,
2026-06-22,CCL,,breakout,2,30.87,7,,,21.3,61.7,,,,,,,,,,,,
2026-06-22,KEYS,,breakout,2,363.67,7,,,13.9,61.3,,,,,,,,,,,,
2026-06-22,RCL,,breakout,1,312.51,7,,,15.9,61.4,,,,,,,,,,,,
2026-06-22,FIX,,breakout,1,1967.41,6,,,14.7,59.1,,,,,,,,,,,,
2026-06-22,JBL,,breakout,1,371.88,6,,,16.9,53.1,,,,,,,,,,,,
2026-06-22,LYV,,breakout,2,171.24,6,,,20.8,54.2,,,,,,,,,,,,
2026-06-22,MU,,breakout,1,1133.99,6,,,27.9,59.3,,,,,,,,,,,,
2026-06-22,MPWR,,breakout,1,1563.7,6,,,18.5,49.9,,,,,,,,,,,,
2026-06-22,NTRS,,breakout,1,172.11,6,,,19.8,60.8,,,,,,,,,,,,
2026-06-22,PPG,,breakout,1,118.25,6,,,16.8,59.1,,,,,,,,,,,,
2026-06-22,PNC,,breakout,1,232.04,6,,,24.5,61.3,,,,,,,,,,,,
2026-06-22,VRT,,breakout,1,333.05,6,,,15.3,55.8,,,,,,,,,,,,
2026-06-22,IMI.L,,breakout,1,3026.0,6,,,24.1,83.2,,,,,,,,,,,,
2026-06-22,NXT.L,,breakout,2,14115.0,6,,,22.4,71.7,,,,,,,,,,,,
2026-06-22,STAN.L,,breakout,1,2053.0,6,,,24.5,49.1,,,,,,,,,,,,
2026-06-22,FITB,,breakout,2,52.74,5,,,22.1,61.2,,,,,,,,,,,,
2026-06-22,DPLM.L,,breakout,1,7190.0,5,,,22.3,59.5,,,,,,,,,,,,
2026-06-22,AMD,,breakout,2,537.37,4,,,28.3,53.1,,,,,,,,,,,,
2026-06-22,CRL,,breakout,2,185.0,4,,,20.1,54.4,,,,,,,,,,,,
2026-06-22,DELL,,breakout,1,409.5,4,,,47.7,47.5,,,,,,,,,,,,
2026-06-22,IFF,,breakout,3,76.72,4,,,25.5,53.3,,,,,,,,,,,,
2026-06-22,MCHP,,breakout,1,99.77,4,,,21.2,55.3,,,,,,,,,,,,
2026-06-22,UAL,,breakout,1,118.32,4,,,29.0,53.8,,,,,,,,,,,,
2026-06-22,ADM.L,,breakout,1,3257.2,4,,,20.8,52.6,,,,,,,,,,,,
2026-06-22,CCH.L,,breakout,1,4522.0,4,,,22.8,78.2,,,,,,,,,,,,
2026-06-22,PCT.L,,breakout,2,731.28,4,,,34.8,49.4,,,,,,,,,,,,
2026-06-22,PSON.L,,breakout,1,1133.0,4,,,14.5,52.9,,,,,,,,,,,,
2026-06-22,SMIN.L,,breakout,2,2569.0,4,,,14.0,69.4,,,,,,,,,,,,
2026-06-22,SGRO.L,,breakout,1,732.8,4,,,16.1,52.6,,,,,,,,,,,,
2026-06-22,RWE.DE,,breakout,1,55.84,4,,,13.8,53.5,,,,,,,,,,,,
2026-06-22,AC.PA,,breakout,2,48.34,4,,,24.2,66.0,,,,,,,,,,,,
2026-06-22,ENGI.PA,,breakout,1,27.06,4,,,8.7,57.7,,,,,,,,,,,,
2026-06-22,DOV,,pocket_pivot,1,223.57,6,,,16.1,65.2,2.69,,,,,,,,,,,
2026-06-22,IEX,,pocket_pivot,2,224.93,6,,,23.7,68.6,3.27,,,,,,,,,,,
2026-06-22,MAR,,pocket_pivot,2,396.2,5,,,29.8,67.2,1.87,,,,,,,,,,,
2026-06-22,ROK,,pocket_pivot,1,473.79,5,,,16.7,60.0,1.72,,,,,,,,,,,
2026-06-22,URI,,pocket_pivot,1,1076.81,5,,,47.6,65.2,1.65,,,,,,,,,,,
2026-06-22,UNH,,pocket_pivot,1,400.96,5,,,42.6,67.0,1.69,,,,,,,,,,,
2026-06-22,GWW,,pocket_pivot,1,1365.41,5,,,34.9,85.6,2.44,,,,,,,,,,,
2026-06-22,FAST,,pocket_pivot,1,45.89,4,,,17.5,59.5,1.57,,,,,,,,,,,
2026-06-22,PCAR,,pocket_pivot,1,118.95,4,,,17.7,63.4,1.91,,,,,,,,,,,
2026-06-22,CRL,,pocket_pivot,2,185.0,3,,,20.1,54.4,1.41,,,,,,,,,,,
2026-06-22,WMB,,pocket_pivot,1,73.12,3,,,16.2,61.8,2.33,,,,,,,,,,,
2026-06-22,LLOY.L,,connors_rsi2,1,104.75,4,,,24.7,64.3,0.09,,,,,,,,,,,
2026-06-22,NWG.L,,connors_rsi2,2,635.8,4,,,20.9,67.7,0.06,,,,,,,,,,,
2026-06-22,NXT.L,,connors_rsi2,2,14110.0,4,,,22.4,71.6,0.02,,,,,,,,,,,
2026-06-22,AC.PA,,connors_rsi2,2,48.35,4,,,24.2,66.1,0.06,,,,,,,,,,,
2026-06-22,KEY,,connors_rsi2,2,22.59,3,,,26.6,68.2,1.36,,,,,,,,,,,
2026-06-22,MTB,,connors_rsi2,1,225.12,3,,,25.7,61.8,2.5,,,,,,,,,,,
2026-06-22,PFG,,connors_rsi2,1,109.57,3,,,32.7,71.6,2.86,,,,,,,,,,,
2026-06-22,PRU,,connors_rsi2,1,106.53,3,,,24.7,67.2,1.85,,,,,,,,,,,
2026-06-22,PG,,connors_rsi2,2,150.38,3,,,21.5,64.7,1.91,,,,,,,,,,,
2026-06-22,RF,,connors_rsi2,1,28.62,3,,,26.4,58.7,1.86,,,,,,,,,,,
2026-06-22,STT,,connors_rsi2,2,168.31,3,,,31.2,72.7,3.21,,,,,,,,,,,
2026-06-22,RR.L,,connors_rsi2,2,1397.6,3,,,19.8,71.7,0.04,,,,,,,,,,,
2026-06-22,CBK.DE,,connors_rsi2,1,37.8,3,,,18.3,53.8,0.13,,,,,,,,,,,
2026-06-22,SIE.DE,,connors_rsi2,1,274.7,3,,,18.2,45.1,0.1,,,,,,,,,,,
2026-06-22,AFL,,connors_rsi2,1,115.47,2,,,13.4,59.2,2.05,,,,,,,,,,,
2026-06-22,CL,,connors_rsi2,1,89.48,2,,,17.3,48.2,2.02,,,,,,,,,,,
2026-06-22,GD,,connors_rsi2,1,350.01,2,,,17.9,52.2,3.39,,,,,,,,,,,
2026-06-22,HLT,,connors_rsi2,2,348.84,2,,,18.4,76.1,1.85,,,,,,,,,,,
2026-06-22,KDP,,connors_rsi2,1,30.76,2,,,37.2,57.1,1.64,,,,,,,,,,,
2026-06-22,ECL,,connors_rsi2,1,269.12,1,,,17.3,62.7,1.75,,,,,,,,,,,
2026-06-22,IFF,,ema_ribbon,3,76.72,4,,,25.5,53.3,1.59,,,,,,,,,,,
2026-06-22,MAR,,ema_ribbon,2,396.2,4,,,29.8,67.2,1.87,,,,,,,,,,,
2026-06-22,TROW,,ema_ribbon,1,107.65,4,,,32.4,68.6,2.19,,,,,,,,,,,
2026-06-22,ALL,,ema_ribbon,1,221.17,3,,,19.9,69.3,2.89,,,,,,,,,,,
2026-06-22,BRK-B,,ema_ribbon,1,489.46,3,,,18.9,66.3,1.62,,,,,,,,,,,
2026-06-22,HSIC,,ema_ribbon,1,79.92,3,,,34.1,66.2,1.49,,,,,,,,,,,
2026-06-22,KEY,,ema_ribbon,2,22.59,3,,,26.6,68.2,1.36,,,,,,,,,,,
2026-06-22,LYV,,ema_ribbon,2,171.24,3,,,20.8,54.2,2.99,,,,,,,,,,,
2026-06-22,PG,,ema_ribbon,2,150.38,3,,,21.5,64.7,1.91,,,,,,,,,,,
2026-06-22,SNA,,ema_ribbon,1,387.25,3,,,12.8,63.1,3.16,,,,,,,,,,,
2026-06-22,STT,,ema_ribbon,2,168.31,3,,,31.2,72.7,3.21,,,,,,,,,,,
2026-06-22,TGT,,ema_ribbon,1,130.74,3,,,15.2,55.9,1.52,,,,,,,,,,,
2026-06-22,USB,,ema_ribbon,1,58.14,3,,,21.2,62.0,2.37,,,,,,,,,,,
2026-06-22,V,,ema_ribbon,1,327.24,3,,,12.1,50.7,1.82,,,,,,,,,,,
2026-06-22,FCX,,ema_ribbon,1,68.68,2,,,16.7,55.5,1.37,,,,,,,,,,,
2026-06-22,HLT,,ema_ribbon,2,348.84,2,,,18.4,76.1,1.85,,,,,,,,,,,
2026-06-22,EW,,ema_ribbon,2,87.36,1,,,15.5,52.6,1.06,,,,,,,,,,,
2026-06-22,AMD,,nr7,2,537.37,4,,,28.3,53.1,1.37,,,,,,,,,,,
2026-06-22,FITB,,nr7,2,52.74,4,,,22.1,61.2,1.5,,,,,,,,,,,
2026-06-22,SOLV,,nr7,1,75.43,4,,,23.9,51.0,1.01,,,,,,,,,,,
2026-06-22,AAPL,,nr7,1,298.01,3,,,27.3,39.1,1.63,,,,,,,,,,,
2026-06-22,CCL,,nr7,2,30.87,3,,,21.3,61.7,1.24,,,,,,,,,,,
2026-06-22,CVS,,nr7,1,98.32,3,,,40.0,70.7,2.6,,,,,,,,,,,
2026-06-22,EW,,nr7,2,87.36,3,,,15.5,52.6,1.06,,,,,,,,,,,
2026-06-22,ELV,,nr7,1,388.5,3,,,35.4,48.5,2.04,,,,,,,,,,,
2026-06-22,EMR,,nr7,2,150.66,3,,,15.9,60.7,1.5,,,,,,,,,,,
2026-06-22,EXPE,,nr7,1,240.9,3,,,14.4,62.7,1.93,,,,,,,,,,,
2026-06-22,BEZ.L,,nr7,1,1284.0,3,,,53.9,63.6,0.02,,,,,,,,,,,
2026-06-22,NWG.L,,nr7,2,636.0,3,,,20.9,67.9,0.06,,,,,,,,,,,
2026-06-22,MRK.DE,,nr7,1,132.45,3,,,25.4,54.0,0.02,,,,,,,,,,,
2026-06-22,ENR.DE,,nr7,1,170.02,3,,,20.1,60.4,0.08,,,,,,,,,,,
2026-06-22,EDEN.PA,,nr7,2,23.52,3,,,32.8,62.2,0.04,,,,,,,,,,,
2026-06-22,DE,,nr7,1,589.24,2,,,16.2,69.3,0.88,,,,,,,,,,,
2026-06-22,HSX.L,,nr7,1,1782.0,2,,,18.3,54.5,0.01,,,,,,,,,,,
2026-06-22,PCT.L,,nr7,2,731.0,2,,,34.8,49.3,0.07,,,,,,,,,,,
2026-06-22,SMIN.L,,nr7,2,2569.0,2,,,14.0,69.4,0.03,,,,,,,,,,,
2026-06-22,CON.DE,,nr7,1,72.24,2,,,22.0,47.6,0.03,,,,,,,,,,,
2026-06-22,ZAL.DE,,nr7,1,24.23,2,,,42.5,55.8,0.04,,,,,,,,,,,
2026-06-22,KER.PA,,nr7,1,271.4,2,,,22.1,63.9,0.08,,,,,,,,,,,
2026-06-22,OR.PA,,nr7,1,376.95,2,,,22.0,48.3,0.06,,,,,,,,,,,
2026-06-22,AAL.L,,nr7,1,3889.0,1,,,15.0,36.2,0.06,,,,,,,,,,,
2026-06-22,RR.L,,nr7,2,1397.46,1,,,19.8,71.6,0.04,,,,,,,,,,,
2026-06-22,MT.AS,,nr7,1,55.16,1,,,15.4,33.0,0.07,,,,,,,,,,,
2026-06-22,BNP.PA,,nr7,1,101.12,1,,,18.8,72.6,0.05,,,,,,,,,,,
2026-06-22,IFF,,bb_squeeze,3,76.72,5,,,25.5,53.3,1.59,,,,,,,,,,,
2026-06-22,KEYS,,bb_squeeze,2,363.67,4,,,13.9,61.3,1.64,,,,,,,,,,,
2026-06-22,WAB,,bb_squeeze,1,273.83,4,,,11.2,62.2,1.57,,,,,,,,,,,
2026-06-22,MRVL,,high_tight_flag,1,310.58,5,,,41.6,65.2,3.55,,,,,,,,,,,
2026-06-22,SNDK,,high_tight_flag,1,2184.75,4,,,45.8,67.1,1.11,,,,,,,,,,,
2026-06-22,CCC.L,,signal_velocity,1,4294.0,8,,,31.1,36.8,0.07,,,,,,,,,,,
2026-06-22,IBKR,,breakout,1,96.0,8,40.0,-0.14,18.8,71.1,,,,,,,,,,,,
2026-06-22,ADI,,breakout,1,434.46,6,100.0,6.58,20.0,56.5,,,,,,,,,,,,
2026-06-22,FDX,,breakout,1,326.2,4,100.0,6.43,11.3,46.3,,,,,,,,,,,,
2026-06-22,SOLV,,breakout,1,75.43,4,100.0,9.57,23.9,51.0,,,,,,,,,,,,
2026-06-22,NWG.L,,breakout,2,636.2,6,75.0,2.44,20.9,68.0,,,,,,,,,,,,
2026-06-22,NVDA,,breakout,1,210.69,4,66.7,1.11,14.5,49.9,,,,,,,,,,,,
2026-06-22,CON.DE,,breakout,1,72.16,4,66.7,0.6,22.0,47.3,,,,,,,,,,,,
2026-06-22,SYF,,breakout,2,75.26,6,60.0,1.06,17.9,60.6,,,,,,,,,,,,
2026-06-22,ANET,,breakout,1,169.67,4,60.0,0.2,15.4,57.3,,,,,,,,,,,,
2026-06-22,EME,,breakout,1,836.59,6,50.0,1.98,20.0,52.4,,,,,,,,,,,,
2026-06-22,HSX.L,,breakout,1,1784.0,4,50.0,-0.26,18.3,54.9,,,,,,,,,,,,
2026-06-22,LR.PA,,breakout,1,152.15,7,33.3,-0.43,20.1,54.3,,,,,,,,,,,,
2026-06-22,FCX,,breakout,1,68.68,4,33.3,-0.21,16.7,55.5,,,,,,,,,,,,
2026-06-22,OR.PA,,breakout,1,376.4,4,20.0,-1.06,22.0,47.8,,,,,,,,,,,,
2026-06-22,TGT,,breakout,1,130.74,4,0.0,-3.73,15.2,55.9,,,,,,,,,,,,
2026-06-22,CPG.L,,breakout,1,32.47,4,0.0,-5.17,21.6,55.2,,,,,,,,,,,,
2026-06-22,CSX,,pocket_pivot,1,45.63,5,25.0,-1.57,22.2,52.8,1.72,,,,,,,,,,,
2026-06-22,FFIV,,pocket_pivot,1,385.49,4,0.0,-10.71,30.0,51.4,2.4,,,,,,,,,,,
2026-06-22,IVZ,,connors_rsi2,1,28.14,3,66.7,1.43,25.3,47.8,2.28,,,,,,,,,,,
2026-06-22,AXP,,connors_rsi2,1,338.0,1,57.1,0.47,17.5,64.8,1.5,,,,,,,,,,,
2026-06-22,ITRK.L,,connors_rsi2,1,5800.0,4,42.9,1.58,36.1,77.2,0.12,,,,,,,,,,,
2026-06-22,BEZ.L,,connors_rsi2,1,1284.0,4,41.7,0.32,53.9,63.6,0.06,,,,,,,,,,,
2026-06-22,CINF,,connors_rsi2,2,170.2,3,33.3,-1.75,21.2,77.5,4.1,,,,,,,,,,,
2026-06-22,WAT,,connors_rsi2,1,355.44,0,28.6,0.02,17.5,29.7,1.48,,,,,,,,,,,
2026-06-22,CPAY,,connors_rsi2,1,345.28,1,20.0,-2.47,12.0,39.7,3.31,,,,,,,,,,,
2026-06-22,ALL,,connors_rsi2,1,221.17,2,10.0,-1.59,19.9,69.3,2.89,,,,,,,,,,,
2026-06-22,HEN3.DE,,connors_rsi2,1,69.06,3,0.0,-8.86,36.9,65.0,0.17,,,,,,,,,,,
2026-06-22,AIR.PA,,connors_rsi2,1,187.78,2,0.0,-1.64,15.4,69.8,0.1,,,,,,,,,,,
2026-06-22,CAH,,ema_ribbon,1,221.77,3,100.0,0.41,29.9,78.9,1.81,,,,,,,,,,,
2026-06-22,CINF,,ema_ribbon,2,170.2,2,80.0,1.27,21.2,77.5,4.1,,,,,,,,,,,
2026-06-22,JCI,,ema_ribbon,1,144.82,3,50.0,1.03,11.3,63.7,1.69,,,,,,,,,,,
2026-06-22,KVUE,,ema_ribbon,1,18.12,3,50.0,-0.95,15.9,63.8,1.6,,,,,,,,,,,
2026-06-22,BNY,,ema_ribbon,1,143.63,3,44.4,0.28,36.6,57.6,1.94,,,,,,,,,,,
2026-06-22,KMB,,ema_ribbon,1,102.56,3,0.0,-3.06,17.3,64.7,1.9,,,,,,,,,,,
2026-06-22,PPG,,nr7,1,118.25,3,75.0,1.18,16.8,59.1,2.44,,,,,,,,,,,
2026-06-22,STAN.L,,nr7,2,2058.0,2,73.3,0.8,24.5,49.6,0.04,,,,,,,,,,,
2026-06-22,ALV.DE,,nr7,1,401.8,2,72.7,0.49,26.7,80.1,0.14,,,,,,,,,,,
2026-06-22,SIE.DE,,nr7,1,275.1,1,61.5,-0.15,18.2,45.7,0.12,,,,,,,,,,,
2026-06-22,KLAC,,nr7,1,259.56,3,60.0,-0.54,31.7,73.0,2.05,,,,,,,,,,,
2026-06-22,SYF,,nr7,2,75.26,3,50.0,0.13,17.9,60.6,2.26,,,,,,,,,,,
2026-06-22,LUV,,nr7,1,47.97,4,42.9,0.18,26.4,66.9,1.67,,,,,,,,,,,
2026-06-22,MMM,,nr7,1,160.6,4,36.4,-0.28,33.3,69.3,1.75,,,,,,,,,,,
2026-06-22,AC.PA,,nr7,2,48.27,3,27.3,-0.4,24.2,65.6,0.1,,,,,,,,,,,
2026-06-22,DBK.DE,,nr7,1,31.02,1,25.0,0.11,21.6,72.0,0.11,,,,,,,,,,,
2026-06-22,HSIC,,nr7,1,79.92,4,0.0,-2.79,34.1,66.2,1.49,,,,,,,,,,,
2026-06-22,BAB.L,,bb_squeeze,1,992.2,2,100.0,3.22,21.0,36.8,0.28,,,,,,,,,,,
2026-06-22,INTC,,high_tight_flag,1,133.99,5,33.3,13.1,29.9,61.0,1.78,,,,,,,,,,,
2026-06-22,DELL,,high_tight_flag,2,409.5,3,0.0,-6.02,47.7,47.5,1.17,,,,,,,,,,,
2026-06-22,GEV,,breakout,1,1109.73,8,75.0,3.64,20.1,68.2,1.44,,,,,,,,,,,
2026-06-22,USB,,breakout,2,58.14,6,100.0,2.52,21.2,62.0,2.37,,,,,,,,,,,
2026-06-22,MRK.DE,,breakout,1,132.7,4,75.0,1.67,25.4,54.7,0.06,,,,,,,,,,,
2026-06-22,ALW.L,,breakout,2,1333.0,4,66.7,-0.24,20.4,56.0,0.23,,,,,,,,,,,
2026-06-22,DAL,,breakout,1,84.18,6,50.0,-3.35,30.0,53.4,1.87,,,,,,,,,,,
2026-06-22,BBOX.L,,breakout,1,152.4,4,50.0,2.07,22.3,54.3,0.17,,,,,,,,,,,
2026-06-22,SIE.DE,,breakout,1,275.7,5,40.0,0.57,18.2,46.4,0.16,,,,,,,,,,,
2026-06-22,CBK.DE,,breakout,1,38.15,6,37.5,-1.32,18.3,56.1,0.26,,,,,,,,,,,
2026-06-22,AVGO,,breakout,1,411.35,4,33.3,-2.31,19.7,42.8,1.28,,,,,,,,,,,
2026-06-22,DBK.DE,,breakout,2,31.21,6,0.0,-5.63,21.6,73.4,0.15,,,,,,,,,,,
2026-06-22,BNP.PA,,breakout,1,101.72,6,0.0,-1.3,18.8,75.2,0.13,,,,,,,,,,,
2026-06-22,EDEN.PA,,breakout,1,23.34,6,,,32.8,60.8,0.08,,,,,,,,,,,
2026-06-22,ADS.DE,,breakout,1,172.85,4,,,29.5,58.5,0.19,,,,,,,,,,,
2026-06-22,ITW,,pocket_pivot,1,264.09,4,0.0,-4.28,20.6,70.7,1.82,,,,,,,,,,,
2026-06-22,UPS,,connors_rsi2,1,104.86,2,75.0,-0.51,18.1,46.3,2.27,,,,,,,,,,,
2026-06-22,PNC,,connors_rsi2,2,232.04,3,60.0,1.2,24.5,61.3,2.22,,,,,,,,,,,
2026-06-22,BAC,,connors_rsi2,1,56.2,3,53.8,0.31,30.8,83.3,1.78,,,,,,,,,,,
2026-06-22,ALW.L,,connors_rsi2,2,1333.0,4,50.0,-0.06,20.4,56.0,0.23,,,,,,,,,,,
2026-06-22,HBAN,,connors_rsi2,1,16.86,2,42.9,-1.14,24.2,58.9,1.33,,,,,,,,,,,
2026-06-22,FCIT.L,,connors_rsi2,1,349.4,4,38.5,0.22,43.1,61.9,0.4,,,,,,,,,,,
2026-06-22,CRDA.L,,connors_rsi2,1,3104.0,4,0.0,-6.15,23.6,57.1,0.13,,,,,,,,,,,
2026-06-22,HRL,,connors_rsi2,1,24.16,3,,,38.7,67.3,0.93,,,,,,,,,,,
2026-06-22,AIZ,,ema_ribbon,1,259.86,4,40.0,0.05,36.7,68.9,1.97,,,,,,,,,,,
2026-06-22,PFG,,ema_ribbon,1,109.57,3,33.3,-0.9,32.7,71.6,2.86,,,,,,,,,,,
2026-06-22,ANET,,nr7,1,169.67,3,55.6,2.14,15.4,57.3,1.28,,,,,,,,,,,
2026-06-22,INVP.L,,nr7,1,636.25,2,53.3,-0.85,23.9,38.0,0.18,,,,,,,,,,,
2026-06-22,CNC,,nr7,1,61.02,4,50.0,0.35,46.0,53.3,2.19,,,,,,,,,,,
2026-06-22,ITRK.L,,nr7,1,5800.0,2,50.0,-0.15,36.1,77.2,0.29,,,,,,,,,,,
2026-06-22,UAL,,nr7,1,118.32,4,45.5,-0.68,29.0,53.8,1.16,,,,,,,,,,,
2026-06-22,PSON.L,,nr7,1,1129.0,2,45.5,0.04,14.5,51.4,0.1,,,,,,,,,,,
2026-06-22,ABNB,,bb_squeeze,1,142.41,4,50.0,1.64,14.5,65.2,1.92,,,,,,,,,,,
2026-06-22,PHM,,bb_squeeze,1,126.96,4,0.0,-1.26,17.8,65.5,3.19,,,,,,,,,,,
2026-06-22,WDC,,high_tight_flag,1,746.23,5,50.0,10.17,34.3,73.7,2.08,,,,,,,,,,,
2026-06-23,INTC,,momentum,2,140.94,7,,,29.9,67.6,0.96,,,,,,,,,,,
2026-06-23,CMI,,breakout,1,724.93,8,,,17.3,67.7,1.0,,,,,,,,,,,
2026-06-23,GEV,,breakout,1,1127.59,8,,,21.1,72.7,1.25,,,,,,,,,,,
2026-06-23,IBKR,,breakout,1,96.82,8,,,19.9,69.7,0.75,,,,,,,,,,,
2026-06-23,AXP,,breakout,2,338.07,6,,,18.3,67.6,0.99,,,,,,,,,,,
2026-06-23,ADI,,breakout,1,445.48,6,,,20.2,63.2,0.82,,,,,,,,,,,
2026-06-23,ANET,,breakout,2,174.56,6,,,15.5,53.1,1.1,,,,,,,,,,,
2026-06-23,COHR,,breakout,1,425.48,6,,,15.2,59.3,1.47,,,,,,,,,,,
2026-06-23,HWM,,breakout,1,280.36,6,,,22.5,66.4,0.96,,,,,,,,,,,
2026-06-23,KEYS,,breakout,2,373.34,6,,,14.8,69.2,0.92,,,,,,,,,,,
2026-06-23,MCHP,,breakout,1,102.71,6,,,21.2,61.7,0.91,,,,,,,,,,,
2026-06-23,NSC,,breakout,1,304.17,6,,,13.7,48.9,1.17,,,,,,,,,,,
2026-06-23,SYF,,breakout,1,75.71,6,,,17.9,63.7,0.7,,,,,,,,,,,
2026-06-23,TER,,breakout,1,457.0,6,,,16.7,64.9,0.97,,,,,,,,,,,
2026-06-23,NXT.L,,breakout,2,14325.0,6,,,23.2,71.9,0.02,,,,,,,,,,,
2026-06-23,AIR.PA,,breakout,2,188.48,6,,,16.2,78.0,0.05,,,,,,,,,,,
2026-06-23,ORA.PA,,breakout,1,16.97,6,,,21.7,44.6,0.07,,,,,,,,,,,
2026-06-23,ALW.L,,breakout,1,1309.0,5,,,18.9,47.7,0.07,,,,,,,,,,,
2026-06-23,HSX.L,,breakout,1,1785.0,5,,,19.4,57.3,0.02,,,,,,,,,,,
2026-06-23,UU.L,,breakout,1,1288.0,5,,,22.0,44.1,0.02,,,,,,,,,,,
2026-06-23,CA.PA,,breakout,1,16.28,5,,,16.6,54.9,0.08,,,,,,,,,,,
2026-06-23,AAPL,,breakout,1,297.01,4,,,26.1,42.2,0.85,,,,,,,,,,,
2026-06-23,CARR,,breakout,3,71.85,4,,,22.3,67.4,0.73,,,,,,,,,,,
2026-06-23,CPAY,,breakout,2,347.17,4,,,11.7,39.3,1.04,,,,,,,,,,,
2026-06-23,JBL,,breakout,1,377.24,4,,,17.1,57.2,1.1,,,,,,,,,,,
2026-06-23,IFF,,breakout,1,75.95,4,,,24.8,56.8,0.72,,,,,,,,,,,
2026-06-23,SWK,,breakout,1,86.31,4,,,17.4,69.9,1.38,,,,,,,,,,,
2026-06-23,UAL,,breakout,3,118.68,4,,,29.7,58.0,1.18,,,,,,,,,,,
2026-06-23,ABDN.L,,breakout,2,234.6,4,,,23.9,44.3,0.06,,,,,,,,,,,
2026-06-23,BATS.L,,breakout,2,4514.5,4,,,27.4,56.0,0.04,,,,,,,,,,,
2026-06-23,CRDA.L,,breakout,1,3077.0,4,,,23.5,63.0,0.02,,,,,,,,,,,
2026-06-23,INVP.L,,breakout,1,626.5,4,,,23.9,43.8,0.03,,,,,,,,,,,
2026-06-23,PSON.L,,breakout,2,1129.0,4,,,14.0,56.3,0.02,,,,,,,,,,,
2026-06-23,STAN.L,,breakout,1,2080.0,4,,,25.8,56.3,0.04,,,,,,,,,,,
2026-06-23,SGRO.L,,breakout,1,737.6,4,,,16.3,60.5,0.02,,,,,,,,,,,
2026-06-23,FME.DE,,breakout,1,41.18,4,,,21.7,85.1,0.05,,,,,,,,,,,
2026-06-23,DB1.DE,,breakout,1,244.4,4,,,12.8,59.0,0.04,,,,,,,,,,,
2026-06-23,AC.PA,,breakout,3,48.64,4,,,24.6,69.0,0.06,,,,,,,,,,,
2026-06-23,ABBV,,pocket_pivot,1,230.01,6,,,17.0,66.8,1.72,,,,,,,,,,,
2026-06-23,ROK,,pocket_pivot,3,478.08,5,,,16.7,59.6,1.36,,,,,,,,,,,
2026-06-23,DCC.L,,connors_rsi2,1,6160.0,4,,,54.9,73.1,0.17,,,,,,,,,,,
2026-06-23,ACA.PA,,connors_rsi2,3,17.67,4,,,22.5,82.7,0.07,,,,,,,,,,,
2026-06-23,APO,,connors_rsi2,1,135.21,2,,,28.0,62.5,1.18,,,,,,,,,,,
2026-06-23,ALL,,ema_ribbon,2,222.56,3,,,20.4,68.7,1.64,,,,,,,,,,,
2026-06-23,TROW,,ema_ribbon,1,107.99,2,,,32.7,73.1,1.12,,,,,,,,,,,
2026-06-23,XYZ,,ema_ribbon,1,73.07,1,,,13.5,44.7,0.84,,,,,,,,,,,
2026-06-23,RJF,,ema_ribbon,1,156.65,1,,,16.3,75.2,1.27,,,,,,,,,,,
2026-06-23,BNY,,nr7,1,146.44,4,,,36.1,57.1,1.03,,,,,,,,,,,
2026-06-23,GE,,nr7,1,355.12,4,,,33.1,66.8,1.1,,,,,,,,,,,
2026-06-23,MS,,nr7,1,227.09,4,,,42.1,65.1,1.07,,,,,,,,,,,
2026-06-23,UAL,,nr7,3,118.68,4,,,29.7,58.0,1.18,,,,,,,,,,,
2026-06-23,CARR,,nr7,3,71.85,3,,,22.3,67.4,0.73,,,,,,,,,,,
2026-06-23,CASY,,nr7,1,831.67,3,,,26.2,64.3,0.56,,,,,,,,,,,
2026-06-23,EMR,,nr7,1,150.21,3,,,17.0,64.1,1.04,,,,,,,,,,,
2026-06-23,INTC,,nr7,2,140.94,3,,,29.9,67.6,0.96,,,,,,,,,,,
2026-06-23,MTB,,nr7,1,227.73,3,,,25.4,68.3,0.97,,,,,,,,,,,
2026-06-23,MRVL,,nr7,1,307.86,3,,,41.1,63.2,0.68,,,,,,,,,,,
2026-06-23,MU,,nr7,1,1211.38,3,,,28.3,59.9,0.96,,,,,,,,,,,
2026-06-23,ROK,,nr7,3,478.08,3,,,16.7,59.6,1.36,,,,,,,,,,,
2026-06-23,BATS.L,,nr7,2,4511.0,3,,,27.4,55.8,0.04,,,,,,,,,,,
2026-06-23,CPG.L,,nr7,1,32.19,3,,,22.0,50.9,0.02,,,,,,,,,,,
2026-06-23,CON.DE,,nr7,2,71.98,3,,,22.1,54.4,0.07,,,,,,,,,,,
2026-06-23,ZAL.DE,,nr7,1,24.95,3,,,44.6,61.9,0.04,,,,,,,,,,,
2026-06-23,AC.PA,,nr7,3,48.63,3,,,24.6,69.0,0.06,,,,,,,,,,,
2026-06-23,CPAY,,nr7,2,347.17,2,,,11.7,39.3,1.04,,,,,,,,,,,
2026-06-23,KEYS,,nr7,2,373.34,2,,,14.8,69.2,0.92,,,,,,,,,,,
2026-06-23,PH,,nr7,1,962.14,2,,,27.5,84.9,0.79,,,,,,,,,,,
2026-06-23,ABDN.L,,nr7,2,234.4,2,,,23.9,44.1,0.06,,,,,,,,,,,
2026-06-23,HSBA.L,,nr7,1,1434.6,2,,,14.0,56.7,0.08,,,,,,,,,,,
2026-06-23,ITRK.L,,nr7,1,5800.0,2,,,36.9,83.6,0.03,,,,,,,,,,,
2026-06-23,MNG.L,,nr7,1,330.3,2,,,22.0,76.8,0.04,,,,,,,,,,,
2026-06-23,NXT.L,,nr7,2,14325.0,2,,,23.2,71.9,0.02,,,,,,,,,,,
2026-06-23,PSON.L,,nr7,2,1129.0,2,,,14.0,56.3,0.02,,,,,,,,,,,
2026-06-23,ADS.DE,,nr7,1,174.6,2,,,28.3,72.8,0.07,,,,,,,,,,,
2026-06-23,MRK.DE,,nr7,2,132.85,2,,,25.0,48.2,0.05,,,,,,,,,,,
2026-06-23,ACA.PA,,nr7,3,17.66,2,,,22.5,82.3,0.07,,,,,,,,,,,
2026-06-23,AXP,,nr7,2,338.07,1,,,18.3,67.6,0.99,,,,,,,,,,,
2026-06-23,HON,,nr7,1,228.11,1,,,18.0,43.4,0.75,,,,,,,,,,,
2026-06-23,RR.L,,nr7,1,1392.6,1,,,18.5,75.8,0.03,,,,,,,,,,,
2026-06-23,AIR.PA,,nr7,2,188.42,0,,,16.2,77.8,0.05,,,,,,,,,,,
2026-06-23,PWR,,bb_squeeze,1,740.14,4,,,15.9,61.3,1.09,,,,,,,,,,,
2026-06-23,GLW,,bb_squeeze,1,209.83,3,,,14.9,61.6,1.43,,,,,,,,,,,
2026-06-23,VRTX,,bb_squeeze,1,466.79,3,,,14.1,64.5,1.43,,,,,,,,,,,
2026-06-23,HPE,,high_tight_flag,1,48.4,4,,,49.9,52.8,0.53,,,,,,,,,,,
2026-06-23,SMCI,,signal_velocity,1,35.46,11,,,28.7,37.1,1.7,,,,,,,,,,,
2026-06-23,CSCO,,signal_velocity,1,121.53,8,,,33.9,50.3,0.79,,,,,,,,,,,
2026-06-23,GRMN,,signal_velocity,1,236.34,8,,,11.4,50.6,1.3,,,,,,,,,,,
2026-06-23,CTSH,,stage4_short,1,41.83,5,,,22.2,6.9,7.87,,,,,,,,,,,
2026-06-23,ADSK,,stage4_short,1,187.72,5,,,24.4,10.2,1.38,,,,,,,,,,,
2026-06-23,IT,,stage4_short,1,125.73,5,,,21.1,0.2,2.0,,,,,,,,,,,
2026-06-23,FISV,,stage4_short,1,47.18,5,,,24.3,23.1,2.74,,,,,,,,,,,
2026-06-23,FIS,,stage4_short,1,37.72,5,,,29.8,23.7,2.51,,,,,,,,,,,
2026-06-23,PTC,,stage4_short,1,115.0,5,,,26.6,13.7,1.73,,,,,,,,,,,
2026-06-23,BMW.DE,,stage4_short,1,60.28,5,,,36.6,18.1,1.53,,,,,,,,,,,
2026-06-23,SAP.DE,,stage4_short,1,133.4,5,,,21.3,26.8,4.54,,,,,,,,,,,
2026-06-23,GDDY,,stage4_short,1,74.99,4,,,21.1,20.6,0.65,,,,,,,,,,,
2026-06-23,CHTR,,stage4_short,1,125.54,4,,,29.3,33.2,2.79,,,,,,,,,,,
2026-06-23,JKHY,,stage4_short,1,123.42,4,,,30.5,23.8,0.55,,,,,,,,,,,
2026-06-23,EXPN.L,,stage4_short,1,2484.0,4,,,28.5,46.2,1.86,,,,,,,,,,,
2026-06-23,AJG,,stage4_short,1,209.08,2,,,23.7,54.3,0.88,,,,,,,,,,,
2026-06-23,ALL,,cup_handle,2,222.56,6,,,20.4,68.7,1.64,,,,,,,,,,,
2026-06-23,CARR,,cup_handle,3,71.85,6,,,22.3,67.4,0.73,,,,,,,,,,,
2026-06-23,ANET,,cup_handle,2,174.56,5,,,15.5,53.1,1.1,,,,,,,,,,,
2026-06-23,DAL,,cup_handle,1,85.92,5,,,30.8,58.7,0.95,,,,,,,,,,,
2026-06-23,NTRS,,cup_handle,1,175.56,5,,,19.0,61.5,1.07,,,,,,,,,,,
2026-06-23,ROK,,cup_handle,3,478.08,5,,,16.7,59.6,1.36,,,,,,,,,,,
2026-06-23,USB,,cup_handle,1,58.68,5,,,21.7,69.7,0.92,,,,,,,,,,,
2026-06-23,UAL,,cup_handle,3,118.68,5,,,29.7,58.0,1.18,,,,,,,,,,,
2026-06-23,DPLM.L,,cup_handle,1,7075.0,5,,,22.1,51.3,0.08,,,,,,,,,,,
2026-06-23,CBK.DE,,cup_handle,1,37.81,5,,,18.7,59.3,0.06,,,,,,,,,,,
2026-06-23,AC.PA,,cup_handle,3,48.61,5,,,24.6,68.9,0.06,,,,,,,,,,,
2026-06-23,BAC,,cup_handle,1,57.37,4,,,32.6,86.5,0.96,,,,,,,,,,,
2026-06-23,CFG,,cup_handle,1,67.99,4,,,28.4,77.4,0.78,,,,,,,,,,,
2026-06-23,CINF,,cup_handle,1,172.46,4,,,22.8,81.4,1.16,,,,,,,,,,,
2026-06-23,DOV,,cup_handle,1,229.4,4,,,17.5,75.9,1.21,,,,,,,,,,,
2026-06-23,FITB,,cup_handle,1,53.61,4,,,22.5,70.9,0.8,,,,,,,,,,,
2026-06-23,HUBB,,cup_handle,1,539.39,4,,,24.3,79.2,0.74,,,,,,,,,,,
2026-06-23,MAS,,cup_handle,1,73.58,4,,,16.5,64.9,0.79,,,,,,,,,,,
2026-06-23,MET,,cup_handle,1,87.56,4,,,34.2,67.7,1.23,,,,,,,,,,,
2026-06-23,PFG,,cup_handle,1,111.23,4,,,33.1,74.2,0.89,,,,,,,,,,,
2026-06-23,PNC,,cup_handle,1,234.71,4,,,25.0,70.2,0.99,,,,,,,,,,,
2026-06-23,URI,,cup_handle,1,1092.68,4,,,46.9,66.9,0.85,,,,,,,,,,,
2026-06-23,WST,,cup_handle,1,329.71,4,,,19.3,62.3,1.15,,,,,,,,,,,
2026-06-23,CON.DE,,cup_handle,2,71.9,4,,,22.1,54.1,0.07,,,,,,,,,,,
2026-06-23,SIE.DE,,cup_handle,1,273.25,4,,,18.3,48.2,0.07,,,,,,,,,,,
2026-06-23,SY1.DE,,cup_handle,1,85.66,4,,,34.4,84.8,0.02,,,,,,,,,,,
2026-06-23,ACA.PA,,cup_handle,3,17.67,4,,,22.5,82.7,0.07,,,,,,,,,,,
2026-06-23,MRK.DE,,cup_handle,2,132.75,3,,,25.0,47.9,0.05,,,,,,,,,,,
2026-06-24,TXN,,momentum,1,304.36,5,,,25.7,48.7,1.15,,,,,,,,,,,
2026-06-24,NSC,,breakout,1,303.39,6,,,14.3,45.4,1.26,,,,,,,,,,,
2026-06-24,SWKS,,breakout,1,73.44,6,,,20.0,42.5,1.56,,,,,,,,,,,
2026-06-24,BNZL.L,,breakout,2,2622.0,6,,,22.6,72.1,0.02,,,,,,,,,,,
2026-06-24,CCH.L,,breakout,1,4698.0,6,,,24.6,87.6,0.03,,,,,,,,,,,
2026-06-24,MNG.L,,breakout,1,331.4,6,,,23.9,77.7,0.02,,,,,,,,,,,
2026-06-24,SDLF.L,,breakout,2,821.0,6,,,22.0,89.3,0.02,,,,,,,,,,,
2026-06-24,BAYN.DE,,breakout,2,39.0,6,,,19.5,75.3,0.06,,,,,,,,,,,
2026-06-24,DBK.DE,,breakout,2,30.73,6,,,24.4,74.1,0.1,,,,,,,,,,,
2026-06-24,ENGI.PA,,breakout,1,26.71,6,,,8.2,51.8,0.04,,,,,,,,,,,
2026-06-24,CARR,,breakout,1,70.75,5,,,21.9,61.3,0.79,,,,,,,,,,,
2026-06-24,DHI,,breakout,2,156.08,5,,,22.8,60.2,0.68,,,,,,,,,,,
2026-06-24,JBL,,breakout,1,372.99,5,,,17.2,49.9,1.65,,,,,,,,,,,
2026-06-24,DPLM.L,,breakout,2,7050.0,5,,,21.4,45.6,0.1,,,,,,,,,,,
2026-06-24,DB1.DE,,breakout,1,245.8,5,,,11.2,51.3,0.09,,,,,,,,,,,
2026-06-24,BIIB,,breakout,1,197.19,4,,,10.7,59.5,1.0,,,,,,,,,,,
2026-06-24,CMI,,breakout,1,699.05,4,,,16.5,55.8,0.76,,,,,,,,,,,
2026-06-24,CSX,,breakout,1,46.16,4,,,20.9,50.2,0.99,,,,,,,,,,,
2026-06-24,FTV,,breakout,1,60.34,4,,,13.7,51.1,0.54,,,,,,,,,,,
2026-06-24,KEYS,,breakout,1,352.58,4,,,14.1,52.6,0.76,,,,,,,,,,,
2026-06-24,PKG,,breakout,1,232.83,4,,,14.3,60.2,0.74,,,,,,,,,,,
2026-06-24,SWK,,breakout,1,83.81,4,,,16.5,61.4,1.11,,,,,,,,,,,
2026-06-24,UPS,,breakout,1,105.83,4,,,15.6,44.0,0.68,,,,,,,,,,,
2026-06-24,SYF,,breakout,1,75.04,4,,,17.4,61.1,1.01,,,,,,,,,,,
2026-06-24,WFC,,breakout,1,84.13,4,,,24.7,65.5,0.7,,,,,,,,,,,
2026-06-24,ABDN.L,,breakout,3,234.0,4,,,22.4,41.1,0.02,,,,,,,,,,,
2026-06-24,ALW.L,,breakout,1,1327.0,4,,,17.9,54.2,0.05,,,,,,,,,,,
2026-06-24,CPG.L,,breakout,2,31.79,4,,,22.5,46.2,0.02,,,,,,,,,,,
2026-06-24,HSX.L,,breakout,2,1785.0,4,,,19.3,57.1,0.02,,,,,,,,,,,
2026-06-24,NG.L,,breakout,1,1223.73,4,,,20.1,59.4,0.04,,,,,,,,,,,
2026-06-24,BAS.DE,,breakout,1,49.04,4,,,26.2,40.4,0.08,,,,,,,,,,,
2026-06-24,MRK.DE,,breakout,1,136.3,4,,,25.9,39.5,0.07,,,,,,,,,,,
2026-06-24,RL,,connors_rsi2,1,407.01,4,,,30.0,69.7,0.79,,,,,,,,,,,
2026-06-24,ABDN.L,,connors_rsi2,3,233.8,4,,,22.4,40.9,0.02,,,,,,,,,,,
2026-06-24,BARC.L,,connors_rsi2,1,510.4,4,,,22.9,71.5,0.07,,,,,,,,,,,
2026-06-24,DPLM.L,,connors_rsi2,2,7060.0,4,,,21.4,46.1,0.1,,,,,,,,,,,
2026-06-24,DBK.DE,,connors_rsi2,2,30.72,4,,,24.4,74.0,0.1,,,,,,,,,,,
2026-06-24,CS.PA,,connors_rsi2,2,42.57,4,,,28.5,89.2,0.04,,,,,,,,,,,
2026-06-24,ABNB,,connors_rsi2,3,138.85,3,,,15.4,58.8,0.88,,,,,,,,,,,
2026-06-24,AAPL,,connors_rsi2,1,294.3,3,,,24.4,30.4,0.98,,,,,,,,,,,
2026-06-24,DHI,,connors_rsi2,2,156.08,3,,,22.8,60.2,0.68,,,,,,,,,,,
2026-06-24,MRVL,,connors_rsi2,3,279.04,3,,,39.5,48.0,0.63,,,,,,,,,,,
2026-06-24,GWW,,connors_rsi2,1,1320.48,3,,,36.0,63.4,1.09,,,,,,,,,,,
2026-06-24,CCC.L,,connors_rsi2,1,4222.0,3,,,30.0,37.0,0.01,,,,,,,,,,,
2026-06-24,HSBA.L,,connors_rsi2,2,1441.6,3,,,14.0,63.1,0.08,,,,,,,,,,,
2026-06-24,HSX.L,,connors_rsi2,2,1786.0,3,,,19.3,57.4,0.02,,,,,,,,,,,
2026-06-24,RR.L,,connors_rsi2,1,1392.6,3,,,17.6,75.1,0.04,,,,,,,,,,,
2026-06-24,SMIN.L,,connors_rsi2,1,2574.0,3,,,13.2,60.7,0.03,,,,,,,,,,,
2026-06-24,CCL,,connors_rsi2,1,28.72,2,,,20.8,54.0,1.52,,,,,,,,,,,
2026-06-24,NTAP,,connors_rsi2,1,157.82,2,,,43.7,31.3,0.73,,,,,,,,,,,
2026-06-24,TDG,,connors_rsi2,2,1297.68,2,,,15.1,57.4,0.87,,,,,,,,,,,
2026-06-24,EMR,,connors_rsi2,1,143.14,1,,,16.0,51.5,1.09,,,,,,,,,,,
2026-06-24,AMAT,,ema_ribbon,1,585.88,3,,,31.2,64.0,1.21,,,,,,,,,,,
2026-06-24,SNA,,ema_ribbon,1,385.85,3,,,11.9,61.4,1.7,,,,,,,,,,,
2026-06-24,TER,,ema_ribbon,1,420.12,3,,,16.0,54.5,1.63,,,,,,,,,,,
2026-06-24,ABNB,,ema_ribbon,3,138.85,2,,,15.4,58.8,0.88,,,,,,,,,,,
2026-06-24,DE,,ema_ribbon,1,591.94,2,,,17.2,56.3,0.93,,,,,,,,,,,
2026-06-24,DOV,,ema_ribbon,2,223.54,2,,,18.5,63.4,1.05,,,,,,,,,,,
2026-06-24,GEV,,ema_ribbon,1,1034.98,2,,,20.2,57.1,1.2,,,,,,,,,,,
2026-06-24,HWM,,ema_ribbon,1,275.13,2,,,23.2,66.0,1.11,,,,,,,,,,,
2026-06-24,NDSN,,ema_ribbon,1,291.07,2,,,11.7,53.7,0.86,,,,,,,,,,,
2026-06-24,TDG,,ema_ribbon,2,1297.68,2,,,15.1,57.4,0.87,,,,,,,,,,,
2026-06-24,GNRC,,ema_ribbon,1,274.54,1,,,18.2,46.5,1.27,,,,,,,,,,,
2026-06-24,EW,,ema_ribbon,1,86.95,0,,,13.9,48.0,0.81,,,,,,,,,,,
2026-06-24,PPG,,nr7,1,117.7,3,,,16.6,57.1,1.14,,,,,,,,,,,
2026-06-24,DCC.L,,nr7,1,6160.0,3,,,54.5,69.0,0.05,,,,,,,,,,,
2026-06-24,SDR.L,,nr7,2,586.0,3,,,47.2,52.2,0.03,,,,,,,,,,,
2026-06-24,ADS.DE,,nr7,1,172.0,3,,,27.7,68.1,0.05,,,,,,,,,,,
2026-06-24,EDEN.PA,,nr7,1,22.08,3,,,32.0,55.6,0.02,,,,,,,,,,,
2026-06-24,ABNB,,nr7,3,138.85,2,,,15.4,58.8,0.88,,,,,,,,,,,
2026-06-24,DDOG,,nr7,1,220.57,2,,,35.9,14.7,0.54,,,,,,,,,,,
2026-06-24,DLTR,,nr7,1,113.41,2,,,34.8,55.7,0.77,,,,,,,,,,,
2026-06-24,INCY,,nr7,2,104.4,2,,,15.4,66.8,0.79,,,,,,,,,,,
2026-06-24,MRVL,,nr7,3,279.04,2,,,39.5,48.0,0.63,,,,,,,,,,,
2026-06-24,MGM,,nr7,1,46.92,2,,,36.2,38.5,0.37,,,,,,,,,,,
2026-06-24,MDLZ,,nr7,1,61.06,2,,,16.9,50.0,1.18,,,,,,,,,,,
2026-06-24,ABDN.L,,nr7,3,233.8,2,,,22.4,40.9,0.02,,,,,,,,,,,
2026-06-24,CPG.L,,nr7,2,31.78,2,,,22.5,46.1,0.02,,,,,,,,,,,
2026-06-24,HSBA.L,,nr7,2,1441.2,2,,,14.0,63.1,0.08,,,,,,,,,,,
2026-06-24,IAG.L,,nr7,1,469.55,2,,,26.8,74.7,0.09,,,,,,,,,,,
2026-06-24,NXT.L,,nr7,1,14440.0,2,,,24.5,70.9,0.02,,,,,,,,,,,
2026-06-24,PCT.L,,nr7,1,702.5,2,,,31.7,47.9,0.04,,,,,,,,,,,
2026-06-24,SDLF.L,,nr7,2,821.0,2,,,22.0,89.3,0.02,,,,,,,,,,,
2026-06-24,ADM.L,,nr7,2,3360.0,1,,,19.3,58.8,0.03,,,,,,,,,,,
2026-06-24,PSON.L,,nr7,1,1130.0,1,,,13.2,43.2,0.01,,,,,,,,,,,
2026-06-24,BAYN.DE,,nr7,2,39.0,1,,,19.5,75.3,0.06,,,,,,,,,,,
2026-06-24,SIE.DE,,nr7,1,271.7,1,,,17.1,49.6,0.05,,,,,,,,,,,
2026-06-24,MT.AS,,nr7,1,55.5,1,,,14.8,31.7,0.02,,,,,,,,,,,
2026-06-24,SDR.L,,bb_squeeze,2,586.0,4,,,47.2,52.2,0.03,,,,,,,,,,,
2026-06-24,TPR,,bb_squeeze,1,150.53,3,,,14.5,66.7,1.01,,,,,,,,,,,
2026-06-24,DELL,,high_tight_flag,1,427.78,3,,,46.2,47.8,0.52,,,,,,,,,,,
2026-06-24,MRVL,,high_tight_flag,3,279.04,3,,,39.5,48.0,0.63,,,,,,,,,,,
2026-06-24,MU,,high_tight_flag,1,1051.77,3,,,26.8,49.4,1.05,,,,,,,,,,,
2026-06-24,INCY,,signal_velocity,2,104.4,12,,,15.4,66.8,0.79,,,,,,,,,,,
2026-06-24,MKS.L,,signal_velocity,1,366.7,12,,,18.8,49.6,0.02,,,,,,,,,,,
2026-06-24,MRK,,signal_velocity,1,119.6,10,,,15.0,60.2,0.86,,,,,,,,,,,
2026-06-24,TKO,,signal_velocity,1,202.7,10,,,22.7,49.0,0.79,,,,,,,,,,,
2026-06-24,TFC,,signal_velocity,1,49.67,10,,,16.6,56.5,1.35,,,,,,,,,,,
2026-06-24,MO,,signal_velocity,1,71.61,8,,,12.7,62.5,1.12,,,,,,,,,,,
2026-06-24,AIG,,signal_velocity,1,76.53,6,,,13.5,63.5,0.87,,,,,,,,,,,
2026-06-24,CMCSA,,stage4_short,1,22.8,6,,,34.0,31.3,2.41,,,,,,,,,,,
2026-06-24,DPZ,,stage4_short,1,283.03,5,,,27.3,35.2,5.02,,,,,,,,,,,
2026-06-24,NFLX,,stage4_short,1,72.82,5,,,33.4,19.9,1.92,,,,,,,,,,,
2026-06-24,PTC,,stage4_short,1,112.33,5,,,28.1,13.7,2.25,,,,,,,,,,,
2026-06-24,NOC,,stage4_short,1,513.22,5,,,35.5,40.5,2.83,,,,,,,,,,,
2026-06-24,SAP.DE,,stage4_short,1,133.28,5,,,21.0,13.2,2.62,,,,,,,,,,,
2026-06-24,ADSK,,stage4_short,1,188.78,4,,,26.3,13.4,1.04,,,,,,,,,,,
2026-06-24,BMW.DE,,stage4_short,1,60.74,4,,,38.2,20.3,1.09,,,,,,,,,,,
2026-06-24,CAG,,stage4_short,1,13.43,2,,,24.0,59.5,0.79,,,,,,,,,,,
2026-06-24,SJM,,defensive_rotation,1,110.47,5,,,26.8,64.9,0.96,,,,,,,,,,,
2026-06-24,STAN.L,,cup_handle,1,2066.0,6,,,28.0,61.6,0.05,,,,,,,,,,,
2026-06-24,DAL,,cup_handle,1,86.72,5,,,31.5,63.5,0.87,,,,,,,,,,,
2026-06-24,DOV,,cup_handle,2,223.54,5,,,18.5,63.4,1.05,,,,,,,,,,,
2026-06-24,FITB,,cup_handle,1,54.67,5,,,23.4,69.1,0.83,,,,,,,,,,,
2026-06-24,HSIC,,cup_handle,1,80.1,5,,,35.3,66.3,0.97,,,,,,,,,,,
2026-06-24,NTRS,,cup_handle,1,176.26,5,,,19.0,60.6,0.66,,,,,,,,,,,
2026-06-24,PNC,,cup_handle,1,238.67,5,,,26.1,69.6,1.12,,,,,,,,,,,
2026-06-24,CON.DE,,cup_handle,1,73.58,5,,,22.4,68.7,0.06,,,,,,,,,,,
2026-06-24,CBK.DE,,cup_handle,1,37.71,5,,,18.6,57.0,0.07,,,,,,,,,,,
2026-06-24,ALL,,cup_handle,1,231.55,4,,,21.8,72.6,1.01,,,,,,,,,,,
2026-06-24,BAC,,cup_handle,1,57.91,4,,,34.3,85.8,0.74,,,,,,,,,,,
2026-06-24,CFG,,cup_handle,1,68.99,4,,,30.2,76.4,0.92,,,,,,,,,,,
2026-06-24,CINF,,cup_handle,1,175.81,4,,,24.5,83.5,1.14,,,,,,,,,,,
2026-06-24,GE,,cup_handle,1,356.47,4,,,33.3,72.7,0.95,,,,,,,,,,,
2026-06-24,MAS,,cup_handle,1,73.21,4,,,16.9,63.3,0.88,,,,,,,,,,,
2026-06-24,MET,,cup_handle,1,88.03,4,,,33.8,66.6,0.7,,,,,,,,,,,
2026-06-24,PFG,,cup_handle,1,112.36,4,,,33.6,75.2,0.88,,,,,,,,,,,
2026-06-24,DGX,,cup_handle,1,197.18,4,,,17.8,56.2,1.15,,,,,,,,,,,
2026-06-24,ADM.L,,cup_handle,2,3372.0,4,,,19.3,60.1,0.03,,,,,,,,,,,
2026-06-24,BNZL.L,,cup_handle,2,2634.0,4,,,22.7,72.8,0.03,,,,,,,,,,,
2026-06-24,ALV.DE,,cup_handle,1,403.8,4,,,30.2,92.2,0.1,,,,,,,,,,,
2026-06-24,SY1.DE,,cup_handle,1,87.72,4,,,36.0,90.1,0.04,,,,,,,,,,,
2026-06-24,CS.PA,,cup_handle,2,42.61,4,,,28.5,90.1,0.05,,,,,,,,,,,
2026-06-24,BNP.PA,,cup_handle,1,101.96,4,,,21.5,79.5,0.11,,,,,,,,,,,
2026-06-24,OR.PA,,cup_handle,1,385.25,4,,,19.9,62.7,0.09,,,,,,,,,,,
2026-06-24,EG,,cup_handle,1,343.56,3,,,16.4,77.4,1.02,,,,,,,,,,,
2026-06-25,DLTR,,momentum,1,119.35,9,,,35.3,59.0,0.67,,,,,,,,,,,
2026-06-25,SGRO.L,,breakout,2,878.0,8,,,23.3,86.6,0.07,,,,,,,,,,,
2026-06-25,GLW,,breakout,1,205.83,6,,,15.3,51.7,1.38,,,,,,,,,,,
2026-06-25,PKG,,breakout,1,237.85,6,,,15.2,64.7,0.91,,,,,,,,,,,
2026-06-25,STAN.L,,breakout,1,2042.0,6,,,30.1,61.0,0.02,,,,,,,,,,,
2026-06-25,MRK.DE,,breakout,2,140.85,6,,,28.0,61.6,0.11,,,,,,,,,,,
2026-06-25,CA.PA,,breakout,2,16.28,6,,,14.4,49.8,0.02,,,,,,,,,,,
2026-06-25,ACA.PA,,breakout,2,17.58,6,,,24.9,77.1,0.05,,,,,,,,,,,
2026-06-25,CBK.DE,,breakout,1,37.26,5,,,18.1,51.1,0.04,,,,,,,,,,,
2026-06-25,COST,,breakout,1,961.09,4,,,15.1,49.6,0.8,,,,,,,,,,,
2026-06-25,GS,,breakout,2,1076.91,4,,,30.5,56.1,0.8,,,,,,,,,,,
2026-06-25,IEX,,breakout,1,222.16,4,,,22.1,60.5,0.77,,,,,,,,,,,
2026-06-25,JBL,,breakout,1,371.8,4,,,17.8,46.6,1.45,,,,,,,,,,,
2026-06-25,TFC,,breakout,1,49.79,4,,,15.6,60.4,0.93,,,,,,,,,,,
2026-06-25,ALW.L,,breakout,1,1336.0,4,,,17.5,59.6,0.08,,,,,,,,,,,
2026-06-25,CPG.L,,breakout,1,32.23,4,,,22.3,47.4,0.03,,,,,,,,,,,
2026-06-25,MKS.L,,breakout,1,379.28,4,,,19.7,57.8,0.03,,,,,,,,,,,
2026-06-25,PCT.L,,breakout,1,719.45,4,,,30.9,60.6,0.11,,,,,,,,,,,
2026-06-25,RTO.L,,breakout,1,438.4,4,,,24.3,46.6,0.02,,,,,,,,,,,
2026-06-25,CON.DE,,breakout,1,73.9,4,,,22.8,72.2,0.03,,,,,,,,,,,
2026-06-25,RWE.DE,,breakout,1,55.6,4,,,15.5,47.7,0.24,,,,,,,,,,,
2026-06-25,SIE.DE,,breakout,3,273.6,4,,,15.5,55.3,0.09,,,,,,,,,,,
2026-06-25,EN.PA,,breakout,1,49.85,4,,,8.5,47.1,0.04,,,,,,,,,,,
2026-06-25,ENGI.PA,,breakout,1,26.76,4,,,9.1,47.2,0.06,,,,,,,,,,,
2026-06-25,ERF.PA,,breakout,1,66.92,4,,,14.9,61.4,0.05,,,,,,,,,,,
2026-06-25,PHM,,pocket_pivot,1,135.71,5,,,20.8,73.8,2.28,,,,,,,,,,,
2026-06-25,GWW,,pocket_pivot,2,1342.57,5,,,35.8,64.5,2.75,,,,,,,,,,,
2026-06-25,CTVA,,pocket_pivot,1,80.09,4,,,18.7,61.6,1.14,,,,,,,,,,,
2026-06-25,FAST,,pocket_pivot,2,46.26,3,,,15.2,48.7,1.09,,,,,,,,,,,
2026-06-25,CNC,,connors_rsi2,1,62.97,4,,,42.1,58.5,0.94,,,,,,,,,,,
2026-06-25,FLEX,,connors_rsi2,2,150.72,4,,,29.1,40.9,0.7,,,,,,,,,,,
2026-06-25,BEN,,connors_rsi2,1,32.47,4,,,26.1,63.0,0.8,,,,,,,,,,,
2026-06-25,GS,,connors_rsi2,2,1076.91,4,,,30.5,56.1,0.8,,,,,,,,,,,
2026-06-25,JBHT,,connors_rsi2,1,269.06,4,,,23.2,40.3,0.77,,,,,,,,,,,
2026-06-25,TROW,,connors_rsi2,2,105.2,4,,,29.9,58.9,0.85,,,,,,,,,,,
2026-06-25,TXN,,connors_rsi2,2,303.11,4,,,23.9,48.1,0.93,,,,,,,,,,,
2026-06-25,ANET,,connors_rsi2,1,161.74,3,,,13.6,41.1,0.77,,,,,,,,,,,
2026-06-25,CSCO,,connors_rsi2,1,119.73,3,,,29.5,39.8,0.86,,,,,,,,,,,
2026-06-25,C,,connors_rsi2,1,143.59,3,,,40.6,75.0,1.04,,,,,,,,,,,
2026-06-25,CSX,,connors_rsi2,1,46.06,3,,,19.6,46.9,0.96,,,,,,,,,,,
2026-06-25,CMI,,connors_rsi2,1,694.87,3,,,15.7,52.8,0.7,,,,,,,,,,,
2026-06-25,FFIV,,connors_rsi2,1,384.78,3,,,25.5,31.8,0.8,,,,,,,,,,,
2026-06-25,FTV,,connors_rsi2,1,60.39,3,,,13.4,49.3,0.94,,,,,,,,,,,
2026-06-25,MCHP,,connors_rsi2,1,92.48,3,,,19.6,46.1,0.87,,,,,,,,,,,
2026-06-25,NXPI,,connors_rsi2,1,294.06,3,,,23.5,41.0,0.88,,,,,,,,,,,
2026-06-25,ON,,connors_rsi2,1,115.74,3,,,21.3,40.3,0.69,,,,,,,,,,,
2026-06-25,SNDK,,connors_rsi2,1,1914.46,3,,,43.3,52.5,0.95,,,,,,,,,,,
2026-06-25,STX,,connors_rsi2,1,993.25,3,,,38.7,54.7,1.03,,,,,,,,,,,
2026-06-25,FSLR,,connors_rsi2,1,248.36,2,,,24.8,25.5,0.53,,,,,,,,,,,
2026-06-25,FDX,,connors_rsi2,1,316.83,2,,,12.1,45.4,2.51,,,,,,,,,,,
2026-06-25,MU,,connors_rsi2,2,1048.51,2,,,25.0,48.5,1.2,,,,,,,,,,,
2026-06-25,PCAR,,connors_rsi2,1,117.03,2,,,15.5,54.3,1.01,,,,,,,,,,,
2026-06-25,SWKS,,connors_rsi2,1,71.4,0,,,18.9,37.9,1.21,,,,,,,,,,,
2026-06-25,AMAT,,ema_ribbon,1,588.97,3,,,30.4,63.2,1.06,,,,,,,,,,,
2026-06-25,EA,,ema_ribbon,1,204.52,2,,,22.7,64.2,1.34,,,,,,,,,,,
2026-06-25,PANW,,nr7,1,285.26,3,,,39.1,53.6,0.54,,,,,,,,,,,
2026-06-25,TJX,,nr7,1,165.17,3,,,27.2,69.8,0.75,,,,,,,,,,,
2026-06-25,USB,,nr7,1,60.11,3,,,24.2,79.3,1.05,,,,,,,,,,,
2026-06-25,WFC,,nr7,1,84.3,3,,,25.0,69.4,0.71,,,,,,,,,,,
2026-06-25,BNZL.L,,nr7,1,2657.2,3,,,24.0,69.5,0.03,,,,,,,,,,,
2026-06-25,BATS.L,,nr7,1,4652.0,3,,,24.2,62.9,0.04,,,,,,,,,,,
2026-06-25,IGG.L,,nr7,1,1882.0,3,,,44.3,60.4,0.02,,,,,,,,,,,
2026-06-25,LAND.L,,nr7,2,659.5,3,,,20.5,61.4,0.03,,,,,,,,,,,
2026-06-25,SDR.L,,nr7,1,586.0,3,,,47.3,56.0,0.01,,,,,,,,,,,
2026-06-25,OR.PA,,nr7,1,390.75,3,,,20.3,63.2,0.08,,,,,,,,,,,
2026-06-25,FLEX,,nr7,2,150.72,2,,,29.1,40.9,0.7,,,,,,,,,,,
2026-06-25,NTRS,,nr7,1,173.93,2,,,18.9,58.9,0.84,,,,,,,,,,,
2026-06-25,RL,,nr7,1,414.25,2,,,30.3,74.1,0.75,,,,,,,,,,,
2026-06-25,TPR,,nr7,1,149.75,2,,,14.7,64.4,0.73,,,,,,,,,,,
2026-06-25,TXN,,nr7,2,303.11,2,,,23.9,48.1,0.93,,,,,,,,,,,
2026-06-25,ADM.L,,nr7,1,3472.0,2,,,17.7,64.9,0.02,,,,,,,,,,,
2026-06-25,AZN.L,,nr7,1,13842.0,2,,,52.0,49.7,0.04,,,,,,,,,,,
2026-06-25,CCH.L,,nr7,1,4786.0,2,,,27.0,84.9,0.05,,,,,,,,,,,
2026-06-25,CCC.L,,nr7,1,4292.0,2,,,29.9,47.0,0.03,,,,,,,,,,,
2026-06-25,ITRK.L,,nr7,1,5800.0,2,,,38.2,79.0,0.04,,,,,,,,,,,
2026-06-25,BBOX.L,,nr7,1,161.84,2,,,24.2,77.0,0.02,,,,,,,,,,,
2026-06-25,BAYN.DE,,nr7,1,39.45,2,,,21.6,73.7,0.05,,,,,,,,,,,
2026-06-25,SIE.DE,,nr7,3,273.8,2,,,15.5,55.5,0.09,,,,,,,,,,,
2026-06-25,SY1.DE,,nr7,1,88.94,2,,,38.2,88.8,0.04,,,,,,,,,,,
2026-06-25,ACA.PA,,nr7,2,17.58,2,,,24.9,77.2,0.05,,,,,,,,,,,
2026-06-25,CA.PA,,nr7,2,16.28,1,,,14.4,49.8,0.02,,,,,,,,,,,
2026-06-25,AIR.PA,,nr7,1,194.66,0,,,19.0,76.5,0.06,,,,,,,,,,,
2026-06-25,DELL,,high_tight_flag,1,434.06,4,,,45.0,54.1,0.5,,,,,,,,,,,
2026-06-25,WDC,,high_tight_flag,1,643.83,4,,,34.0,55.1,1.34,,,,,,,,,,,
2026-06-25,HPE,,high_tight_flag,1,48.75,3,,,47.1,32.3,0.48,,,,,,,,,,,
2026-06-25,MU,,high_tight_flag,2,1048.51,3,,,25.0,48.5,1.2,,,,,,,,,,,
2026-06-25,AMGN,,signal_velocity,1,351.43,12,,,11.6,59.2,0.77,,,,,,,,,,,
2026-06-25,WBD,,signal_velocity,1,27.2,10,,,17.0,52.5,1.45,,,,,,,,,,,
2026-06-25,TSCO.L,,signal_velocity,1,460.0,10,,,15.6,53.6,0.05,,,,,,,,,,,
2026-06-25,JD.L,,signal_velocity,1,85.6,9,,,32.4,53.4,0.04,,,,,,,,,,,
2026-06-25,AXON,,signal_velocity,1,456.73,8,,,17.7,43.3,1.2,,,,,,,,,,,
2026-06-25,EBAY,,signal_velocity,1,109.45,8,,,10.8,51.7,0.57,,,,,,,,,,,
2026-06-25,VTRS,,signal_velocity,1,15.93,8,,,18.0,55.3,0.91,,,,,,,,,,,
2026-06-25,YUM,,signal_velocity,1,153.02,6,,,11.8,58.4,0.75,,,,,,,,,,,
2026-06-25,FISV,,stage4_short,1,48.19,5,,,25.0,32.0,2.06,,,,,,,,,,,
2026-06-25,NFLX,,stage4_short,1,71.84,5,,,35.9,20.8,2.84,,,,,,,,,,,
2026-06-25,NOC,,stage4_short,1,503.01,5,,,35.8,40.6,3.02,,,,,,,,,,,
2026-06-25,RHM.DE,,stage4_short,1,938.7,5,,,27.8,19.6,2.84,,,,,,,,,,,
2026-06-25,ADSK,,stage4_short,1,192.61,4,,,27.7,20.3,0.83,,,,,,,,,,,
2026-06-25,CAG,,stage4_short,1,13.61,2,,,22.5,67.7,0.73,,,,,,,,,,,
2026-06-25,GWW,,cup_handle,2,1342.57,5,,,35.8,64.5,2.75,,,,,,,,,,,
2026-06-25,MDLZ,,cup_handle,1,61.74,4,,,16.2,51.7,1.13,,,,,,,,,,,
2026-06-25,TROW,,cup_handle,2,105.2,4,,,29.9,58.9,0.85,,,,,,,,,,,
2026-06-25,URI,,cup_handle,1,1083.72,4,,,44.0,55.1,0.94,,,,,,,,,,,
2026-06-25,DPLM.L,,cup_handle,1,7090.0,4,,,20.5,54.1,0.02,,,,,,,,,,,
2026-06-25,LAND.L,,cup_handle,2,660.5,4,,,20.5,61.6,0.03,,,,,,,,,,,
2026-06-25,MRK.DE,,cup_handle,2,140.85,4,,,28.0,61.6,0.11,,,,,,,,,,,
2026-06-25,SIE.DE,,cup_handle,3,273.85,4,,,15.5,55.5,0.09,,,,,,,,,,,
2026-06-25,FAST,,cup_handle,2,46.26,2,,,15.2,48.7,1.09,,,,,,,,,,,
2026-06-25,SGRO.L,,power_earnings_gap,2,878.2,6,,,23.3,86.6,4.8,,,,,,,,,,,
2026-06-26,MU,,momentum,2,1213.56,8,,,24.7,60.0,1.46,,,,,,,,,,,
2026-06-26,ABDN.L,,momentum,1,236.9,6,,,22.1,50.5,0.03,,,,,,,,,,,
2026-06-26,BATS.L,,momentum,1,4788.0,6,,,23.4,65.3,0.05,,,,,,,,,,,
2026-06-26,TECH,,breakout,2,70.7,10,,,26.1,78.5,9.69,,,,,,,,,,,
2026-06-26,HWDN.L,,breakout,1,872.5,8,,,24.4,83.1,0.02,,,,,,,,,,,
2026-06-26,GLW,,breakout,1,228.01,6,,,16.6,59.1,1.76,,,,,,,,,,,
2026-06-26,EME,,breakout,1,862.66,6,,,18.2,53.2,0.68,,,,,,,,,,,
2026-06-26,TER,,breakout,1,471.96,6,,,16.2,59.6,1.44,,,,,,,,,,,
2026-06-26,HSX.L,,breakout,2,1857.0,6,,,22.2,78.0,0.03,,,,,,,,,,,
2026-06-26,STAN.L,,breakout,1,2040.0,6,,,31.8,59.9,0.03,,,,,,,,,,,
2026-06-26,AIR.PA,,breakout,2,192.54,6,,,20.3,76.2,0.06,,,,,,,,,,,
2026-06-26,DPLM.L,,breakout,3,7070.0,5,,,21.2,50.5,0.01,,,,,,,,,,,
2026-06-26,A,,breakout,1,135.51,4,,,20.1,45.8,0.75,,,,,,,,,,,
2026-06-26,CMI,,breakout,1,727.59,4,,,15.8,59.9,0.86,,,,,,,,,,,
2026-06-26,INCY,,breakout,1,107.53,4,,,16.8,59.8,0.83,,,,,,,,,,,
2026-06-26,ROK,,breakout,1,479.39,4,,,15.4,55.8,1.0,,,,,,,,,,,
2026-06-26,TRGP,,breakout,1,273.45,4,,,16.6,55.6,1.04,,,,,,,,,,,
2026-06-26,ANTO.L,,breakout,1,3728.0,4,,,16.1,41.9,0.02,,,,,,,,,,,
2026-06-26,BNZL.L,,breakout,2,2658.0,4,,,24.8,67.5,0.01,,,,,,,,,,,
2026-06-26,BLND.L,,breakout,1,422.4,4,,,18.6,67.4,0.02,,,,,,,,,,,
2026-06-26,HSBA.L,,breakout,1,1432.8,4,,,13.4,60.0,0.07,,,,,,,,,,,
2026-06-26,IMI.L,,breakout,1,2927.96,4,,,20.7,58.9,0.01,,,,,,,,,,,
2026-06-26,INVP.L,,breakout,1,618.5,4,,,21.9,46.7,0.01,,,,,,,,,,,
2026-06-26,JD.L,,breakout,1,86.08,4,,,32.0,57.0,0.03,,,,,,,,,,,
2026-06-26,LLOY.L,,breakout,1,109.9,4,,,24.9,77.6,0.04,,,,,,,,,,,
2026-06-26,SMT.L,,breakout,1,1398.0,4,,,22.1,41.5,0.03,,,,,,,,,,,
2026-06-26,PSON.L,,breakout,1,1155.0,4,,,12.3,47.1,0.02,,,,,,,,,,,
2026-06-26,RR.L,,breakout,1,1422.4,4,,,18.2,76.7,0.04,,,,,,,,,,,
2026-06-26,BNR.DE,,breakout,1,54.38,4,,,18.8,45.9,0.05,,,,,,,,,,,
2026-06-26,FME.DE,,breakout,2,40.76,4,,,20.4,69.4,0.04,,,,,,,,,,,
2026-06-26,SIE.DE,,breakout,2,270.85,4,,,15.0,53.2,0.1,,,,,,,,,,,
2026-06-26,WST,,pocket_pivot,1,346.56,5,,,22.2,73.5,1.99,,,,,,,,,,,
2026-06-26,CFG,,pocket_pivot,1,70.66,4,,,34.5,80.3,1.04,,,,,,,,,,,
2026-06-26,WMB,,pocket_pivot,1,77.53,4,,,20.1,77.5,0.92,,,,,,,,,,,
2026-06-26,KVUE,,pocket_pivot,1,18.96,3,,,17.7,77.7,1.31,,,,,,,,,,,
2026-06-26,AIZ,,connors_rsi2,1,260.77,4,,,36.1,63.3,0.84,,,,,,,,,,,
2026-06-26,MAR,,connors_rsi2,1,378.91,4,,,23.2,45.2,0.92,,,,,,,,,,,
2026-06-26,MRNA,,connors_rsi2,1,59.75,4,,,24.1,62.9,0.87,,,,,,,,,,,
2026-06-26,FCIT.L,,connors_rsi2,1,344.46,4,,,39.5,59.3,0.13,,,,,,,,,,,
2026-06-26,SY1.DE,,connors_rsi2,1,87.62,4,,,39.3,85.0,0.03,,,,,,,,,,,
2026-06-26,PFG,,connors_rsi2,1,105.44,3,,,30.4,54.7,1.65,,,,,,,,,,,
2026-06-26,FME.DE,,connors_rsi2,2,40.76,3,,,20.4,69.4,0.04,,,,,,,,,,,
2026-06-26,HPE,,connors_rsi2,1,46.72,2,,,45.2,31.3,0.61,,,,,,,,,,,
2026-06-26,HLT,,connors_rsi2,1,340.55,2,,,15.3,53.2,1.73,,,,,,,,,,,
2026-06-26,HPQ,,connors_rsi2,1,22.92,2,,,26.7,20.9,0.8,,,,,,,,,,,
2026-06-26,TXN,,ema_ribbon,1,311.81,1,,,22.7,52.2,0.92,,,,,,,,,,,
2026-06-26,TECH,,nr7,2,70.7,3,,,26.1,78.5,9.69,,,,,,,,,,,
2026-06-26,AZN.L,,nr7,1,14018.0,3,,,50.2,54.4,0.05,,,,,,,,,,,
2026-06-26,BNZL.L,,nr7,2,2658.0,3,,,24.8,67.5,0.01,,,,,,,,,,,
2026-06-26,DPLM.L,,nr7,3,7070.0,3,,,21.2,50.5,0.01,,,,,,,,,,,
2026-06-26,LAND.L,,nr7,1,662.0,3,,,21.4,66.2,0.02,,,,,,,,,,,
2026-06-26,DHL.DE,,nr7,1,53.02,3,,,21.6,58.7,0.07,,,,,,,,,,,
2026-06-26,IFX.DE,,nr7,1,80.05,3,,,34.2,52.8,0.11,,,,,,,,,,,
2026-06-26,ALW.L,,nr7,1,1327.0,2,,,17.1,60.2,0.04,,,,,,,,,,,
2026-06-26,CCEP.L,,nr7,1,7590.0,2,,,26.5,84.4,0.01,,,,,,,,,,,
2026-06-26,GSK.L,,nr7,1,1959.5,2,,,17.8,57.8,0.06,,,,,,,,,,,
2026-06-26,HSX.L,,nr7,2,1857.0,2,,,22.2,78.0,0.03,,,,,,,,,,,
2026-06-26,IAG.L,,nr7,1,485.7,2,,,31.6,83.0,0.06,,,,,,,,,,,
2026-06-26,NXT.L,,nr7,1,14795.0,2,,,28.5,75.2,0.03,,,,,,,,,,,
2026-06-26,SMIN.L,,nr7,1,2576.0,2,,,13.9,61.8,0.03,,,,,,,,,,,
2026-06-26,BBOX.L,,nr7,1,162.5,2,,,25.8,80.4,0.08,,,,,,,,,,,
2026-06-26,CON.DE,,nr7,1,73.72,2,,,23.3,71.6,0.04,,,,,,,,,,,
2026-06-26,BNP.PA,,nr7,1,102.12,2,,,23.8,80.7,0.05,,,,,,,,,,,
2026-06-26,CA.PA,,nr7,1,16.33,2,,,13.9,52.9,0.03,,,,,,,,,,,
2026-06-26,DTG.DE,,nr7,1,41.68,2,,,10.5,50.8,0.06,,,,,,,,,,,
2026-06-26,JCI,,nr7,1,145.49,1,,,10.2,48.2,0.96,,,,,,,,,,,
2026-06-26,AIR.PA,,nr7,2,192.56,1,,,20.3,76.2,0.06,,,,,,,,,,,
2026-06-26,ERF.PA,,nr7,1,67.88,1,,,16.8,64.6,0.04,,,,,,,,,,,
2026-06-26,MRK,,bb_squeeze,1,125.45,4,,,15.9,63.3,1.12,,,,,,,,,,,
2026-06-26,MKS.L,,bb_squeeze,1,379.28,4,,,20.1,63.9,0.02,,,,,,,,,,,
2026-06-26,FIX,,bb_squeeze,1,2017.57,3,,,13.0,55.7,0.79,,,,,,,,,,,
2026-06-26,NDSN,,bb_squeeze,1,304.64,3,,,12.3,64.5,0.74,,,,,,,,,,,
2026-06-26,DD,,high_tight_flag,1,137.8,4,,,33.7,90.8,0.6,,,,,,,,,,,
2026-06-26,MU,,high_tight_flag,2,1213.56,4,,,24.7,60.0,1.46,,,,,,,,,,,
2026-06-26,DELL,,high_tight_flag,1,409.45,3,,,42.6,46.6,0.88,,,,,,,,,,,
2026-06-26,MRVL,,high_tight_flag,1,281.26,3,,,35.9,43.6,0.54,,,,,,,,,,,
2026-06-26,LH,,signal_velocity,1,266.34,12,,,15.3,55.7,0.94,,,,,,,,,,,
2026-06-26,SOLV,,signal_velocity,1,77.92,12,,,21.3,39.9,0.45,,,,,,,,,,,
2026-06-26,ENGI.PA,,signal_velocity,1,27.18,11,,,7.7,56.8,0.04,,,,,,,,,,,
2026-06-26,KHC,,signal_velocity,1,23.47,10,,,17.4,61.4,1.06,,,,,,,,,,,
2026-06-26,TMO,,signal_velocity,1,505.75,10,,,18.8,59.8,1.25,,,,,,,,,,,
2026-06-26,CTSH,,stage4_short,1,39.15,5,,,28.9,9.7,4.37,,,,,,,,,,,
2026-06-26,ICE,,stage4_short,1,124.49,5,,,43.4,22.5,1.8,,,,,,,,,,,
2026-06-26,MSFT,,stage4_short,1,352.83,5,,,23.9,15.3,1.37,,,,,,,,,,,
2026-06-26,LDOS,,stage4_short,1,100.0,5,,,44.1,8.5,6.75,,,,,,,,,,,
2026-06-26,BAB.L,,stage4_short,1,970.8,5,,,26.5,33.0,0.49,,,,,,,,,,,
2026-06-26,EXPN.L,,stage4_short,1,2492.0,5,,,28.1,38.4,1.34,,,,,,,,,,,
2026-06-26,PLTR,,stage4_short,1,107.27,5,,,21.2,16.6,8.7,,,,,,,,,,,
2026-06-26,RHM.DE,,stage4_short,1,938.9,5,,,30.1,20.0,2.53,,,,,,,,,,,
2026-06-26,SAP.DE,,stage4_short,1,131.8,5,,,21.6,15.5,5.02,,,,,,,,,,,
2026-06-26,MKC,,stage4_short,1,48.35,2,,,20.9,58.7,0.51,,,,,,,,,,,
2026-06-26,ABNB,,cup_handle,1,141.88,5,,,18.6,62.5,0.77,,,,,,,,,,,
2026-06-26,EW,,cup_handle,1,89.72,5,,,15.2,56.6,0.86,,,,,,,,,,,
2026-06-26,NTRS,,cup_handle,1,175.97,5,,,19.6,55.7,0.79,,,,,,,,,,,
2026-06-26,DGX,,cup_handle,1,206.24,5,,,20.0,63.2,0.72,,,,,,,,,,,
2026-06-26,MRK.DE,,cup_handle,1,143.35,5,,,31.0,61.2,0.07,,,,,,,,,,,
2026-06-26,SIE.DE,,cup_handle,2,271.15,5,,,15.0,53.5,0.1,,,,,,,,,,,
2026-06-26,OR.PA,,cup_handle,1,390.1,5,,,20.7,60.8,0.06,,,,,,,,,,,
2026-06-26,MDLZ,,cup_handle,1,61.2,4,,,16.1,50.8,1.0,,,,,,,,,,,
2026-06-26,TROW,,cup_handle,1,106.34,4,,,29.1,52.7,0.79,,,,,,,,,,,
2026-06-26,DPLM.L,,cup_handle,3,7060.0,4,,,21.2,50.0,0.01,,,,,,,,,,,
2026-06-26,TRV,,breakout,1,322.47,8,100.0,0.77,15.5,74.8,0.26,,,,,,,,,,,
2026-06-26,ERF.PA,,breakout,1,68.74,8,0.0,-2.83,16.9,68.7,0.25,,,,,,,,,,,
2026-06-26,CSX,,breakout,1,47.42,4,100.0,0.59,18.7,53.3,0.16,,,,,,,,,,,
2026-06-26,IEX,,breakout,1,226.4,4,100.0,0.28,23.1,64.4,0.12,,,,,,,,,,,
2026-06-26,PRU,,breakout,1,108.21,4,100.0,2.83,22.6,61.9,0.12,,,,,,,,,,,
2026-06-26,DHL.DE,,breakout,1,52.18,4,50.0,0.62,21.6,52.6,0.29,,,,,,,,,,,
2026-06-26,CBK.DE,,breakout,2,37.54,5,40.0,0.13,18.7,58.4,0.29,,,,,,,,,,,
2026-06-26,AFL,,breakout,1,119.39,6,,,13.2,53.6,0.09,,,,,,,,,,,
2026-06-26,DGX,,breakout,2,207.08,6,0.0,-0.48,21.3,59.7,0.14,,,,,,,,,,,
2026-06-26,TGT,,breakout,1,140.4,6,0.0,-3.73,20.3,73.2,0.21,,,,,,,,,,,
2026-06-26,WAT,,breakout,1,370.48,6,0.0,-0.21,20.6,53.9,0.14,,,,,,,,,,,
2026-06-26,ENGI.PA,,breakout,2,27.26,6,0.0,-0.86,8.0,57.8,0.2,,,,,,,,,,,
2026-06-26,CARR,,breakout,1,74.31,4,0.0,-2.08,24.7,65.8,0.12,,,,,,,,,,,
2026-06-26,EBAY,,breakout,1,108.0,4,,,9.9,46.5,0.08,,,,,,,,,,,
2026-06-26,TFC,,breakout,2,50.31,4,,,15.0,55.1,0.12,,,,,,,,,,,
2026-06-26,AXP,,connors_rsi2,2,340.37,3,66.7,1.02,22.2,79.6,0.21,,,,,,,,,,,
2026-06-26,DRI,,connors_rsi2,1,209.84,3,60.0,-0.3,18.4,67.1,0.27,,,,,,,,,,,
2026-06-26,BNZL.L,,connors_rsi2,1,2644.0,4,50.0,-0.29,24.8,66.0,0.13,,,,,,,,,,,
2026-06-26,IFF,,connors_rsi2,1,75.1,4,33.3,-2.54,20.2,57.5,0.09,,,,,,,,,,,
2026-06-26,BF-B,,connors_rsi2,2,27.5,3,33.3,-2.97,11.4,65.0,0.27,,,,,,,,,,,
2026-06-26,NCLH,,nr7,1,21.09,1,83.3,0.31,18.0,67.2,0.16,,,,,,,,,,,
2026-06-26,PPG,,nr7,1,121.14,2,76.9,1.26,19.4,62.4,0.2,,,,,,,,,,,
2026-06-26,ECL,,nr7,1,281.5,1,75.0,0.66,20.1,73.7,0.12,,,,,,,,,,,
2026-06-26,OKE,,nr7,1,89.72,2,70.6,1.14,12.5,54.1,0.19,,,,,,,,,,,
2026-06-26,FLEX,,nr7,1,155.71,3,69.2,3.97,29.2,52.8,0.19,,,,,,,,,,,
2026-06-26,TRGP,,nr7,1,273.31,2,68.8,1.38,17.0,59.1,0.2,,,,,,,,,,,
2026-06-26,CHD,,nr7,1,98.61,2,66.7,0.96,14.0,55.4,0.16,,,,,,,,,,,
2026-06-26,NG.L,,nr7,2,1253.0,1,66.7,0.96,18.3,70.4,0.33,,,,,,,,,,,
2026-06-26,DE,,nr7,1,623.89,3,60.0,0.33,21.3,66.1,0.19,,,,,,,,,,,
2026-06-26,SWK,,nr7,1,91.74,1,60.0,0.1,19.4,72.7,0.15,,,,,,,,,,,
2026-06-26,TFC,,nr7,2,50.36,2,56.2,-0.45,15.0,55.4,0.12,,,,,,,,,,,
2026-06-26,APH,,nr7,1,162.36,2,54.5,0.83,31.2,72.4,0.19,,,,,,,,,,,
2026-06-26,AXP,,nr7,2,340.37,1,54.5,0.25,22.2,79.6,0.21,,,,,,,,,,,
2026-06-26,HBAN,,nr7,1,17.77,2,53.8,-0.59,29.6,73.7,0.12,,,,,,,,,,,
2026-06-26,JBL,,nr7,1,363.84,2,52.9,-0.64,18.3,55.7,0.2,,,,,,,,,,,
2026-06-26,TXN,,nr7,1,301.73,3,50.0,-0.1,21.3,56.1,0.23,,,,,,,,,,,
2026-06-26,EXPD,,nr7,1,160.75,3,46.7,0.28,20.1,50.6,0.06,,,,,,,,,,,
2026-06-26,RTX,,nr7,1,189.36,3,46.7,0.46,21.7,58.9,0.19,,,,,,,,,,,
2026-06-26,LIN,,nr7,1,518.85,2,46.2,-0.1,14.4,57.4,0.21,,,,,,,,,,,
2026-06-26,F,,nr7,1,14.28,1,46.2,0.68,16.0,39.9,0.17,,,,,,,,,,,
2026-06-26,DHI,,nr7,1,167.37,2,44.4,0.63,28.4,74.1,0.09,,,,,,,,,,,
2026-06-26,UNP,,nr7,1,269.31,1,43.8,0.18,16.5,46.8,0.22,,,,,,,,,,,
2026-06-26,SYY,,nr7,1,82.62,1,42.9,-0.27,27.6,79.7,0.13,,,,,,,,,,,
2026-06-26,CHRW,,nr7,1,179.66,1,41.7,0.05,15.2,45.3,0.23,,,,,,,,,,,
2026-06-26,BF-B,,nr7,2,27.5,1,37.5,-1.8,11.4,65.0,0.27,,,,,,,,,,,
2026-06-26,PHM,,nr7,1,136.84,1,37.5,-1.05,25.6,73.7,0.16,,,,,,,,,,,
2026-06-26,AME,,nr7,1,236.38,2,35.3,-0.41,16.3,59.6,0.13,,,,,,,,,,,
2026-06-26,DGX,,nr7,2,207.15,3,33.3,-1.24,21.3,59.8,0.14,,,,,,,,,,,
2026-06-26,ALGN,,nr7,1,176.03,2,30.8,-0.75,13.0,56.3,0.1,,,,,,,,,,,
2026-06-26,A,,nr7,1,135.94,2,30.0,-2.08,20.7,50.8,0.16,,,,,,,,,,,
2026-06-26,XYZ,,nr7,1,75.82,2,30.0,-1.21,13.3,64.8,0.2,,,,,,,,,,,
2026-06-26,MO,,nr7,2,73.42,2,27.3,-1.21,15.3,59.2,0.18,,,,,,,,,,,
2026-06-26,FAST,,nr7,1,47.35,2,27.3,-1.36,16.3,53.7,0.27,,,,,,,,,,,
2026-06-26,NG.L,,bb_squeeze,2,1253.5,4,100.0,0.77,18.3,70.6,0.33,,,,,,,,,,,
2026-06-26,DLTR,,bb_squeeze,1,123.49,4,50.0,2.47,37.2,68.0,0.21,,,,,,,,,,,
2026-06-26,V,,bb_squeeze,1,336.06,3,0.0,-3.44,15.0,62.8,0.21,,,,,,,,,,,
2026-06-26,SNDK,,high_tight_flag,1,2167.66,4,87.5,14.94,42.0,65.5,0.45,,,,,,,,,,,
2026-06-26,BDX,,signal_velocity,1,155.45,10,75.0,1.31,15.1,57.6,0.56,,,,,,,,,,,
2026-06-26,PCAR,,signal_velocity,1,120.66,12,66.7,2.75,15.0,56.3,0.11,,,,,,,,,,,
2026-06-26,UPS,,signal_velocity,1,108.67,11,,,13.8,50.2,0.2,,,,,,,,,,,
2026-06-26,NFLX,,stage4_short,1,74.61,5,87.5,3.96,39.2,31.6,2.34,,,,,,,,,,,
2026-06-26,FISV,,stage4_short,1,48.54,5,42.9,-0.44,25.0,33.5,2.28,,,,,,,,,,,
2026-06-26,PTC,,stage4_short,1,115.26,4,40.0,-0.83,31.8,22.6,1.18,,,,,,,,,,,
2026-06-26,APTV,,stage4_short,1,60.39,5,20.0,-5.65,21.1,29.5,2.17,,,,,,,,,,,
2026-06-26,NOC,,stage4_short,1,505.65,6,0.0,-4.61,36.6,32.8,3.94,,,,,,,,,,,
2026-06-26,MET,,cup_handle,1,86.06,5,100.0,4.31,27.3,55.2,0.1,,,,,,,,,,,
2026-06-26,CBK.DE,,cup_handle,2,37.53,5,100.0,4.86,18.7,58.4,0.29,,,,,,,,,,,
2026-06-26,MO,,cup_handle,2,73.42,6,50.0,-0.03,15.3,59.2,0.18,,,,,,,,,,,
2026-06-26,LAND.L,,cup_handle,1,656.0,4,40.0,-3.53,21.4,64.4,0.52,,,,,,,,,,,
2026-06-26,SGRO.L,,power_earnings_gap,1,880.0,6,,,26.5,88.4,4.8,,,,,,,,,,,
2026-06-26,TECH,,power_earnings_gap,1,71.0,6,0.0,-12.87,29.1,81.8,9.69,,,,,,,,,,,
